Finlande	2001	Différence_de_la_part_de_l'emploi_des_femmes_par_rapport_aux_hommes_dans_les_services	+30.0%	0.3
Australie	2009	Différence_de_la_part_de_l'emploi_des_femmes_par_rapport_aux_hommes_dans_les_services	+23.9%	0.239
République_tchèque	2006	Différence_de_la_part_de_l'emploi_des_femmes_par_rapport_aux_hommes_dans_les_services	+25.2%	0.252
Russie	2005	Différence_de_la_part_de_l'emploi_des_femmes_par_rapport_aux_hommes_dans_les_services	+21.2%	0.212
Royaume-Uni	2008	Différence_de_la_part_de_l'emploi_des_femmes_par_rapport_aux_hommes_dans_les_services	+24.0%	0.24
Japon	2011	Différence_de_la_part_de_l'emploi_des_femmes_par_rapport_aux_hommes_dans_les_services	+19.9%	0.199
Mexique	2014	Différence_de_la_part_de_l'emploi_des_femmes_par_rapport_aux_hommes_dans_les_services	+29.1%	0.291
États-Unis	2004	Différence_de_la_part_de_l'emploi_des_femmes_par_rapport_aux_hommes_dans_les_services	+21.9%	0.219
Australie	2000	Différence_de_la_part_de_l'emploi_des_femmes_par_rapport_aux_hommes_dans_les_services	+22.5%	0.225
Luxembourg	2007	Différence_de_la_part_de_l'emploi_des_femmes_par_rapport_aux_hommes_dans_les_services	+21.6%	0.216
Royaume-Uni	2011	Différence_de_la_part_de_l'emploi_des_femmes_par_rapport_aux_hommes_dans_les_services	+22.5%	0.225
Irlande	2003	Différence_de_la_part_de_l'emploi_des_femmes_par_rapport_aux_hommes_dans_les_services	+33.9%	0.339
Suisse	2010	Différence_de_la_part_de_l'emploi_des_femmes_par_rapport_aux_hommes_dans_les_services	+20.8%	0.208
Irlande	2009	Différence_de_la_part_de_l'emploi_des_femmes_par_rapport_aux_hommes_dans_les_services	+30.2%	0.302
Luxembourg	2015	Différence_de_la_part_de_l'emploi_des_femmes_par_rapport_aux_hommes_dans_les_services	+14.8%	0.148
Belgique	2013	Différence_de_la_part_de_l'emploi_des_femmes_par_rapport_aux_hommes_dans_les_services	+25.2%	0.252
Danemark	2007	Différence_de_la_part_de_l'emploi_des_femmes_par_rapport_aux_hommes_dans_les_services	+24.1%	0.241
Chili	2012	Différence_de_la_part_de_l'emploi_des_femmes_par_rapport_aux_hommes_dans_les_services	+30.2%	0.302
Japon	2014	Différence_de_la_part_de_l'emploi_des_femmes_par_rapport_aux_hommes_dans_les_services	+20.4%	0.204
Royaume-Uni	2004	Différence_de_la_part_de_l'emploi_des_femmes_par_rapport_aux_hommes_dans_les_services	+24.7%	0.247
Lituanie	2006	Différence_de_la_part_de_l'emploi_des_femmes_par_rapport_aux_hommes_dans_les_services	+25.0%	0.25
Lituanie	2004	Différence_de_la_part_de_l'emploi_des_femmes_par_rapport_aux_hommes_dans_les_services	+22.0%	0.22
Lettonie	2008	Différence_de_la_part_de_l'emploi_des_femmes_par_rapport_aux_hommes_dans_les_services	+28.1%	0.281
Islande	2013	Différence_de_la_part_de_l'emploi_des_femmes_par_rapport_aux_hommes_dans_les_services	+24.7%	0.247
Israël	2000	Différence_de_la_part_de_l'emploi_des_femmes_par_rapport_aux_hommes_dans_les_services	+24.5%	0.245
Suisse	2002	Différence_de_la_part_de_l'emploi_des_femmes_par_rapport_aux_hommes_dans_les_services	+23.0%	0.23
France	2014	Différence_de_la_part_de_l'emploi_des_femmes_par_rapport_aux_hommes_dans_les_services	+23.2%	0.232
Corée	2014	Différence_de_la_part_de_l'emploi_des_femmes_par_rapport_aux_hommes_dans_les_services	+18.8%	0.188
Pologne	2011	Différence_de_la_part_de_l'emploi_des_femmes_par_rapport_aux_hommes_dans_les_services	+26.8%	0.268
Australie	2002	Différence_de_la_part_de_l'emploi_des_femmes_par_rapport_aux_hommes_dans_les_services	+22.4%	0.224
Autriche	2010	Différence_de_la_part_de_l'emploi_des_femmes_par_rapport_aux_hommes_dans_les_services	+25.3%	0.253
Autriche	2004	Différence_de_la_part_de_l'emploi_des_femmes_par_rapport_aux_hommes_dans_les_services	+26.2%	0.262
Lituanie	2007	Différence_de_la_part_de_l'emploi_des_femmes_par_rapport_aux_hommes_dans_les_services	+26.7%	0.267
Pologne	2012	Différence_de_la_part_de_l'emploi_des_femmes_par_rapport_aux_hommes_dans_les_services	+27.4%	0.274
Colombie	2005	Différence_de_la_part_de_l'emploi_des_femmes_par_rapport_aux_hommes_dans_les_services	+27.3%	0.273
Canada	2003	Différence_de_la_part_de_l'emploi_des_femmes_par_rapport_aux_hommes_dans_les_services	+23.2%	0.232
Nouvelle-Zélande	2009	Différence_de_la_part_de_l'emploi_des_femmes_par_rapport_aux_hommes_dans_les_services	+25.1%	0.251
Slovénie	2012	Différence_de_la_part_de_l'emploi_des_femmes_par_rapport_aux_hommes_dans_les_services	+24.4%	0.244
Lituanie	2000	Différence_de_la_part_de_l'emploi_des_femmes_par_rapport_aux_hommes_dans_les_services	+20.0%	0.2
États-Unis	2013	Différence_de_la_part_de_l'emploi_des_femmes_par_rapport_aux_hommes_dans_les_services	+20.5%	0.205
Afrique_du_Sud	2012	Différence_de_la_part_de_l'emploi_des_femmes_par_rapport_aux_hommes_dans_les_services	+21.6%	0.216
Grèce	2014	Différence_de_la_part_de_l'emploi_des_femmes_par_rapport_aux_hommes_dans_les_services	+14.0%	0.14
Brésil	2006	Différence_de_la_part_de_l'emploi_des_femmes_par_rapport_aux_hommes_dans_les_services	+22.6%	0.226
Luxembourg	2002	Différence_de_la_part_de_l'emploi_des_femmes_par_rapport_aux_hommes_dans_les_services	+24.1%	0.241
Espagne	2005	Différence_de_la_part_de_l'emploi_des_femmes_par_rapport_aux_hommes_dans_les_services	+31.9%	0.319
France	2000	Différence_de_la_part_de_l'emploi_des_femmes_par_rapport_aux_hommes_dans_les_services	+24.4%	0.244
Finlande	2004	Différence_de_la_part_de_l'emploi_des_femmes_par_rapport_aux_hommes_dans_les_services	+29.9%	0.299
Afrique_du_Sud	2009	Différence_de_la_part_de_l'emploi_des_femmes_par_rapport_aux_hommes_dans_les_services	+23.9%	0.239
Estonie	2005	Différence_de_la_part_de_l'emploi_des_femmes_par_rapport_aux_hommes_dans_les_services	+24.6%	0.246
Russie	2015	Différence_de_la_part_de_l'emploi_des_femmes_par_rapport_aux_hommes_dans_les_services	+24.5%	0.245
Indonésie	2013	Différence_de_la_part_de_l'emploi_des_femmes_par_rapport_aux_hommes_dans_les_services	+10.8%	0.108
Finlande	2015	Différence_de_la_part_de_l'emploi_des_femmes_par_rapport_aux_hommes_dans_les_services	+29.3%	0.293
Finlande	2014	Différence_de_la_part_de_l'emploi_des_femmes_par_rapport_aux_hommes_dans_les_services	+29.7%	0.297
Japon	2003	Différence_de_la_part_de_l'emploi_des_femmes_par_rapport_aux_hommes_dans_les_services	+17.5%	0.175
Slovénie	2008	Différence_de_la_part_de_l'emploi_des_femmes_par_rapport_aux_hommes_dans_les_services	+23.3%	0.233
Royaume-Uni	2013	Différence_de_la_part_de_l'emploi_des_femmes_par_rapport_aux_hommes_dans_les_services	+22.1%	0.221
Chili	2011	Différence_de_la_part_de_l'emploi_des_femmes_par_rapport_aux_hommes_dans_les_services	+30.0%	0.3
Belgique	2009	Différence_de_la_part_de_l'emploi_des_femmes_par_rapport_aux_hommes_dans_les_services	+25.9%	0.259
France	2003	Différence_de_la_part_de_l'emploi_des_femmes_par_rapport_aux_hommes_dans_les_services	+24.4%	0.244
Colombie	2004	Différence_de_la_part_de_l'emploi_des_femmes_par_rapport_aux_hommes_dans_les_services	+26.0%	0.26
Grèce	2013	Différence_de_la_part_de_l'emploi_des_femmes_par_rapport_aux_hommes_dans_les_services	+14.2%	0.142
Colombie	2008	Différence_de_la_part_de_l'emploi_des_femmes_par_rapport_aux_hommes_dans_les_services	+27.3%	0.273
Hongrie	2013	Différence_de_la_part_de_l'emploi_des_femmes_par_rapport_aux_hommes_dans_les_services	+24.2%	0.242
Italie	2012	Différence_de_la_part_de_l'emploi_des_femmes_par_rapport_aux_hommes_dans_les_services	+26.2%	0.262
Russie	2004	Différence_de_la_part_de_l'emploi_des_femmes_par_rapport_aux_hommes_dans_les_services	+20.3%	0.203
République_tchèque	2011	Différence_de_la_part_de_l'emploi_des_femmes_par_rapport_aux_hommes_dans_les_services	+27.6%	0.276
Pays-Bas	2011	Différence_de_la_part_de_l'emploi_des_femmes_par_rapport_aux_hommes_dans_les_services	+19.1%	0.191
Luxembourg	2006	Différence_de_la_part_de_l'emploi_des_femmes_par_rapport_aux_hommes_dans_les_services	+21.3%	0.213
Canada	2001	Différence_de_la_part_de_l'emploi_des_femmes_par_rapport_aux_hommes_dans_les_services	+23.3%	0.233
République_tchèque	2012	Différence_de_la_part_de_l'emploi_des_femmes_par_rapport_aux_hommes_dans_les_services	+28.3%	0.283
Chili	2014	Différence_de_la_part_de_l'emploi_des_femmes_par_rapport_aux_hommes_dans_les_services	+29.9%	0.299
Australie	2005	Différence_de_la_part_de_l'emploi_des_femmes_par_rapport_aux_hommes_dans_les_services	+23.0%	0.23
Afrique_du_Sud	2015	Différence_de_la_part_de_l'emploi_des_femmes_par_rapport_aux_hommes_dans_les_services	+23.9%	0.239
Costa_Rica	2004	Différence_de_la_part_de_l'emploi_des_femmes_par_rapport_aux_hommes_dans_les_services	+30.0%	0.3
Japon	2010	Différence_de_la_part_de_l'emploi_des_femmes_par_rapport_aux_hommes_dans_les_services	+19.8%	0.198
Slovénie	2013	Différence_de_la_part_de_l'emploi_des_femmes_par_rapport_aux_hommes_dans_les_services	+23.9%	0.239
France	2001	Différence_de_la_part_de_l'emploi_des_femmes_par_rapport_aux_hommes_dans_les_services	+24.2%	0.242
Slovénie	2011	Différence_de_la_part_de_l'emploi_des_femmes_par_rapport_aux_hommes_dans_les_services	+25.8%	0.258
Colombie	2012	Différence_de_la_part_de_l'emploi_des_femmes_par_rapport_aux_hommes_dans_les_services	+25.2%	0.252
Israël	2004	Différence_de_la_part_de_l'emploi_des_femmes_par_rapport_aux_hommes_dans_les_services	+23.1%	0.231
Mexique	2005	Différence_de_la_part_de_l'emploi_des_femmes_par_rapport_aux_hommes_dans_les_services	+26.4%	0.264
Suède	2013	Différence_de_la_part_de_l'emploi_des_femmes_par_rapport_aux_hommes_dans_les_services	+23.7%	0.237
Lituanie	2002	Différence_de_la_part_de_l'emploi_des_femmes_par_rapport_aux_hommes_dans_les_services	+22.6%	0.226
République_tchèque	2015	Différence_de_la_part_de_l'emploi_des_femmes_par_rapport_aux_hommes_dans_les_services	+27.9%	0.279
Autriche	2005	Différence_de_la_part_de_l'emploi_des_femmes_par_rapport_aux_hommes_dans_les_services	+26.8%	0.268
Colombie	2013	Différence_de_la_part_de_l'emploi_des_femmes_par_rapport_aux_hommes_dans_les_services	+25.5%	0.255
Russie	2008	Différence_de_la_part_de_l'emploi_des_femmes_par_rapport_aux_hommes_dans_les_services	+23.0%	0.23
Islande	2008	Différence_de_la_part_de_l'emploi_des_femmes_par_rapport_aux_hommes_dans_les_services	+29.3%	0.293
Irlande	2001	Différence_de_la_part_de_l'emploi_des_femmes_par_rapport_aux_hommes_dans_les_services	+33.2%	0.332
France	2009	Différence_de_la_part_de_l'emploi_des_femmes_par_rapport_aux_hommes_dans_les_services	+25.2%	0.252
Pays-Bas	2015	Différence_de_la_part_de_l'emploi_des_femmes_par_rapport_aux_hommes_dans_les_services	+19.1%	0.191
Italie	2011	Différence_de_la_part_de_l'emploi_des_femmes_par_rapport_aux_hommes_dans_les_services	+26.3%	0.263
Estonie	2015	Différence_de_la_part_de_l'emploi_des_femmes_par_rapport_aux_hommes_dans_les_services	+28.8%	0.288
Costa_Rica	2003	Différence_de_la_part_de_l'emploi_des_femmes_par_rapport_aux_hommes_dans_les_services	+28.9%	0.289
Lituanie	2012	Différence_de_la_part_de_l'emploi_des_femmes_par_rapport_aux_hommes_dans_les_services	+23.5%	0.235
Colombie	2006	Différence_de_la_part_de_l'emploi_des_femmes_par_rapport_aux_hommes_dans_les_services	+27.4%	0.274
Lettonie	2014	Différence_de_la_part_de_l'emploi_des_femmes_par_rapport_aux_hommes_dans_les_services	+28.2%	0.282
Slovénie	2010	Différence_de_la_part_de_l'emploi_des_femmes_par_rapport_aux_hommes_dans_les_services	+22.6%	0.226
Lettonie	2007	Différence_de_la_part_de_l'emploi_des_femmes_par_rapport_aux_hommes_dans_les_services	+30.3%	0.303
Russie	2011	Différence_de_la_part_de_l'emploi_des_femmes_par_rapport_aux_hommes_dans_les_services	+24.1%	0.241
République_tchèque	2007	Différence_de_la_part_de_l'emploi_des_femmes_par_rapport_aux_hommes_dans_les_services	+26.0%	0.26
Finlande	2009	Différence_de_la_part_de_l'emploi_des_femmes_par_rapport_aux_hommes_dans_les_services	+31.0%	0.31
Italie	2009	Différence_de_la_part_de_l'emploi_des_femmes_par_rapport_aux_hommes_dans_les_services	+26.5%	0.265
Japon	2007	Différence_de_la_part_de_l'emploi_des_femmes_par_rapport_aux_hommes_dans_les_services	+18.7%	0.187
Estonie	2004	Différence_de_la_part_de_l'emploi_des_femmes_par_rapport_aux_hommes_dans_les_services	+25.0%	0.25
Grèce	2008	Différence_de_la_part_de_l'emploi_des_femmes_par_rapport_aux_hommes_dans_les_services	+20.5%	0.205
Danemark	2010	Différence_de_la_part_de_l'emploi_des_femmes_par_rapport_aux_hommes_dans_les_services	+22.8%	0.228
Portugal	2014	Différence_de_la_part_de_l'emploi_des_femmes_par_rapport_aux_hommes_dans_les_services	+22.2%	0.222
Italie	2014	Différence_de_la_part_de_l'emploi_des_femmes_par_rapport_aux_hommes_dans_les_services	+26.1%	0.261
Allemagne	2013	Différence_de_la_part_de_l'emploi_des_femmes_par_rapport_aux_hommes_dans_les_services	+26.8%	0.268
Mexique	2008	Différence_de_la_part_de_l'emploi_des_femmes_par_rapport_aux_hommes_dans_les_services	+27.0%	0.27
Royaume-Uni	2006	Différence_de_la_part_de_l'emploi_des_femmes_par_rapport_aux_hommes_dans_les_services	+24.8%	0.248
États-Unis	2010	Différence_de_la_part_de_l'emploi_des_femmes_par_rapport_aux_hommes_dans_les_services	+21.0%	0.21
Mexique	2007	Différence_de_la_part_de_l'emploi_des_femmes_par_rapport_aux_hommes_dans_les_services	+27.2%	0.272
Australie	2008	Différence_de_la_part_de_l'emploi_des_femmes_par_rapport_aux_hommes_dans_les_services	+24.4%	0.244
Russie	2000	Différence_de_la_part_de_l'emploi_des_femmes_par_rapport_aux_hommes_dans_les_services	+18.9%	0.189
Costa_Rica	2005	Différence_de_la_part_de_l'emploi_des_femmes_par_rapport_aux_hommes_dans_les_services	+30.2%	0.302
Luxembourg	2012	Différence_de_la_part_de_l'emploi_des_femmes_par_rapport_aux_hommes_dans_les_services	+16.2%	0.162
Lettonie	2005	Différence_de_la_part_de_l'emploi_des_femmes_par_rapport_aux_hommes_dans_les_services	+25.9%	0.259
États-Unis	2003	Différence_de_la_part_de_l'emploi_des_femmes_par_rapport_aux_hommes_dans_les_services	+21.7%	0.217
Israël	2003	Différence_de_la_part_de_l'emploi_des_femmes_par_rapport_aux_hommes_dans_les_services	+23.6%	0.236
Corée	2012	Différence_de_la_part_de_l'emploi_des_femmes_par_rapport_aux_hommes_dans_les_services	+17.6%	0.176
Nouvelle-Zélande	2007	Différence_de_la_part_de_l'emploi_des_femmes_par_rapport_aux_hommes_dans_les_services	+26.4%	0.264
Chili	2010	Différence_de_la_part_de_l'emploi_des_femmes_par_rapport_aux_hommes_dans_les_services	+29.7%	0.297
Islande	2012	Différence_de_la_part_de_l'emploi_des_femmes_par_rapport_aux_hommes_dans_les_services	+27.5%	0.275
Colombie	2010	Différence_de_la_part_de_l'emploi_des_femmes_par_rapport_aux_hommes_dans_les_services	+26.8%	0.268
Finlande	2003	Différence_de_la_part_de_l'emploi_des_femmes_par_rapport_aux_hommes_dans_les_services	+30.6%	0.306
Russie	2002	Différence_de_la_part_de_l'emploi_des_femmes_par_rapport_aux_hommes_dans_les_services	+18.7%	0.187
Italie	2013	Différence_de_la_part_de_l'emploi_des_femmes_par_rapport_aux_hommes_dans_les_services	+25.6%	0.256
Finlande	2006	Différence_de_la_part_de_l'emploi_des_femmes_par_rapport_aux_hommes_dans_les_services	+31.0%	0.31
Mexique	2013	Différence_de_la_part_de_l'emploi_des_femmes_par_rapport_aux_hommes_dans_les_services	+28.4%	0.284
Autriche	2006	Différence_de_la_part_de_l'emploi_des_femmes_par_rapport_aux_hommes_dans_les_services	+27.0%	0.27
Suède	2012	Différence_de_la_part_de_l'emploi_des_femmes_par_rapport_aux_hommes_dans_les_services	+24.6%	0.246
France	2015	Différence_de_la_part_de_l'emploi_des_femmes_par_rapport_aux_hommes_dans_les_services	+23.2%	0.232
Danemark	2006	Différence_de_la_part_de_l'emploi_des_femmes_par_rapport_aux_hommes_dans_les_services	+26.1%	0.261
États-Unis	2012	Différence_de_la_part_de_l'emploi_des_femmes_par_rapport_aux_hommes_dans_les_services	+20.1%	0.201
Suisse	2005	Différence_de_la_part_de_l'emploi_des_femmes_par_rapport_aux_hommes_dans_les_services	+23.0%	0.23
Autriche	2007	Différence_de_la_part_de_l'emploi_des_femmes_par_rapport_aux_hommes_dans_les_services	+26.1%	0.261
Irlande	2005	Différence_de_la_part_de_l'emploi_des_femmes_par_rapport_aux_hommes_dans_les_services	+35.5%	0.355
Estonie	2008	Différence_de_la_part_de_l'emploi_des_femmes_par_rapport_aux_hommes_dans_les_services	+28.9%	0.289
Hongrie	2011	Différence_de_la_part_de_l'emploi_des_femmes_par_rapport_aux_hommes_dans_les_services	+24.8%	0.248
Pays-Bas	2013	Différence_de_la_part_de_l'emploi_des_femmes_par_rapport_aux_hommes_dans_les_services	+19.2%	0.192
Brésil	2012	Différence_de_la_part_de_l'emploi_des_femmes_par_rapport_aux_hommes_dans_les_services	+25.8%	0.258
Lettonie	2001	Différence_de_la_part_de_l'emploi_des_femmes_par_rapport_aux_hommes_dans_les_services	+22.5%	0.225
Pays-Bas	2008	Différence_de_la_part_de_l'emploi_des_femmes_par_rapport_aux_hommes_dans_les_services	+21.1%	0.211
Australie	2007	Différence_de_la_part_de_l'emploi_des_femmes_par_rapport_aux_hommes_dans_les_services	+23.7%	0.237
Lituanie	2013	Différence_de_la_part_de_l'emploi_des_femmes_par_rapport_aux_hommes_dans_les_services	+23.7%	0.237
Belgique	2010	Différence_de_la_part_de_l'emploi_des_femmes_par_rapport_aux_hommes_dans_les_services	+25.1%	0.251
Royaume-Uni	2010	Différence_de_la_part_de_l'emploi_des_femmes_par_rapport_aux_hommes_dans_les_services	+23.4%	0.234
Allemagne	2009	Différence_de_la_part_de_l'emploi_des_femmes_par_rapport_aux_hommes_dans_les_services	+27.4%	0.274
Turquie	2009	Différence_de_la_part_de_l'emploi_des_femmes_par_rapport_aux_hommes_dans_les_services	-9.6%	0.096
France	2008	Différence_de_la_part_de_l'emploi_des_femmes_par_rapport_aux_hommes_dans_les_services	+24.8%	0.248
Canada	2014	Différence_de_la_part_de_l'emploi_des_femmes_par_rapport_aux_hommes_dans_les_services	+23.3%	0.233
Suisse	2001	Différence_de_la_part_de_l'emploi_des_femmes_par_rapport_aux_hommes_dans_les_services	+23.5%	0.235
Espagne	2006	Différence_de_la_part_de_l'emploi_des_femmes_par_rapport_aux_hommes_dans_les_services	+32.8%	0.328
Mexique	2010	Différence_de_la_part_de_l'emploi_des_femmes_par_rapport_aux_hommes_dans_les_services	+28.9%	0.289
Estonie	2011	Différence_de_la_part_de_l'emploi_des_femmes_par_rapport_aux_hommes_dans_les_services	+30.7%	0.307
Colombie	2009	Différence_de_la_part_de_l'emploi_des_femmes_par_rapport_aux_hommes_dans_les_services	+27.2%	0.272
Australie	2010	Différence_de_la_part_de_l'emploi_des_femmes_par_rapport_aux_hommes_dans_les_services	+23.7%	0.237
États-Unis	2006	Différence_de_la_part_de_l'emploi_des_femmes_par_rapport_aux_hommes_dans_les_services	+22.5%	0.225
Irlande	2006	Différence_de_la_part_de_l'emploi_des_femmes_par_rapport_aux_hommes_dans_les_services	+35.9%	0.359
Autriche	2008	Différence_de_la_part_de_l'emploi_des_femmes_par_rapport_aux_hommes_dans_les_services	+25.2%	0.252
Irlande	2004	Différence_de_la_part_de_l'emploi_des_femmes_par_rapport_aux_hommes_dans_les_services	+33.6%	0.336
Corée	2010	Différence_de_la_part_de_l'emploi_des_femmes_par_rapport_aux_hommes_dans_les_services	+17.5%	0.175
Corée	2004	Différence_de_la_part_de_l'emploi_des_femmes_par_rapport_aux_hommes_dans_les_services	+14.8%	0.148
Israël	2001	Différence_de_la_part_de_l'emploi_des_femmes_par_rapport_aux_hommes_dans_les_services	+23.9%	0.239
Corée	2007	Différence_de_la_part_de_l'emploi_des_femmes_par_rapport_aux_hommes_dans_les_services	+16.3%	0.163
Finlande	2013	Différence_de_la_part_de_l'emploi_des_femmes_par_rapport_aux_hommes_dans_les_services	+30.5%	0.305
Australie	2003	Différence_de_la_part_de_l'emploi_des_femmes_par_rapport_aux_hommes_dans_les_services	+22.4%	0.224
Italie	2010	Différence_de_la_part_de_l'emploi_des_femmes_par_rapport_aux_hommes_dans_les_services	+26.9%	0.269
Suède	2010	Différence_de_la_part_de_l'emploi_des_femmes_par_rapport_aux_hommes_dans_les_services	+25.3%	0.253
Islande	2014	Différence_de_la_part_de_l'emploi_des_femmes_par_rapport_aux_hommes_dans_les_services	+24.8%	0.248
Estonie	2000	Différence_de_la_part_de_l'emploi_des_femmes_par_rapport_aux_hommes_dans_les_services	+25.1%	0.251
Japon	2008	Différence_de_la_part_de_l'emploi_des_femmes_par_rapport_aux_hommes_dans_les_services	+19.1%	0.191
Costa_Rica	2001	Différence_de_la_part_de_l'emploi_des_femmes_par_rapport_aux_hommes_dans_les_services	+27.5%	0.275
Irlande	2010	Différence_de_la_part_de_l'emploi_des_femmes_par_rapport_aux_hommes_dans_les_services	+28.0%	0.28
Espagne	2008	Différence_de_la_part_de_l'emploi_des_femmes_par_rapport_aux_hommes_dans_les_services	+31.7%	0.317
Suisse	2007	Différence_de_la_part_de_l'emploi_des_femmes_par_rapport_aux_hommes_dans_les_services	+23.8%	0.238
Canada	2004	Différence_de_la_part_de_l'emploi_des_femmes_par_rapport_aux_hommes_dans_les_services	+23.4%	0.234
Suède	2009	Différence_de_la_part_de_l'emploi_des_femmes_par_rapport_aux_hommes_dans_les_services	+26.1%	0.261
Nouvelle-Zélande	2010	Différence_de_la_part_de_l'emploi_des_femmes_par_rapport_aux_hommes_dans_les_services	+25.1%	0.251
Espagne	2012	Différence_de_la_part_de_l'emploi_des_femmes_par_rapport_aux_hommes_dans_les_services	+24.9%	0.249
Royaume-Uni	2014	Différence_de_la_part_de_l'emploi_des_femmes_par_rapport_aux_hommes_dans_les_services	+21.6%	0.216
Estonie	2002	Différence_de_la_part_de_l'emploi_des_femmes_par_rapport_aux_hommes_dans_les_services	+24.5%	0.245
Grèce	2015	Différence_de_la_part_de_l'emploi_des_femmes_par_rapport_aux_hommes_dans_les_services	+13.4%	0.134
République_slovaque	2013	Différence_de_la_part_de_l'emploi_des_femmes_par_rapport_aux_hommes_dans_les_services	+32.9%	0.329
Mexique	2015	Différence_de_la_part_de_l'emploi_des_femmes_par_rapport_aux_hommes_dans_les_services	+29.4%	0.294
Israël	2009	Différence_de_la_part_de_l'emploi_des_femmes_par_rapport_aux_hommes_dans_les_services	+22.2%	0.222
Nouvelle-Zélande	2005	Différence_de_la_part_de_l'emploi_des_femmes_par_rapport_aux_hommes_dans_les_services	+25.6%	0.256
Australie	2004	Différence_de_la_part_de_l'emploi_des_femmes_par_rapport_aux_hommes_dans_les_services	+22.9%	0.229
Grèce	2009	Différence_de_la_part_de_l'emploi_des_femmes_par_rapport_aux_hommes_dans_les_services	+20.5%	0.205
Autriche	2003	Différence_de_la_part_de_l'emploi_des_femmes_par_rapport_aux_hommes_dans_les_services	+29.9%	0.299
Turquie	2010	Différence_de_la_part_de_l'emploi_des_femmes_par_rapport_aux_hommes_dans_les_services	-9.7%	0.097
Luxembourg	2000	Différence_de_la_part_de_l'emploi_des_femmes_par_rapport_aux_hommes_dans_les_services	+25.4%	0.254
Allemagne	2011	Différence_de_la_part_de_l'emploi_des_femmes_par_rapport_aux_hommes_dans_les_services	+27.2%	0.272
Afrique_du_Sud	2011	Différence_de_la_part_de_l'emploi_des_femmes_par_rapport_aux_hommes_dans_les_services	+21.9%	0.219
Grèce	2010	Différence_de_la_part_de_l'emploi_des_femmes_par_rapport_aux_hommes_dans_les_services	+19.9%	0.199
Royaume-Uni	2009	Différence_de_la_part_de_l'emploi_des_femmes_par_rapport_aux_hommes_dans_les_services	+23.4%	0.234
Canada	2000	Différence_de_la_part_de_l'emploi_des_femmes_par_rapport_aux_hommes_dans_les_services	+23.3%	0.233
Suisse	2004	Différence_de_la_part_de_l'emploi_des_femmes_par_rapport_aux_hommes_dans_les_services	+21.9%	0.219
Afrique_du_Sud	2004	Différence_de_la_part_de_l'emploi_des_femmes_par_rapport_aux_hommes_dans_les_services	+22.9%	0.229
Suisse	2000	Différence_de_la_part_de_l'emploi_des_femmes_par_rapport_aux_hommes_dans_les_services	+23.3%	0.233
Nouvelle-Zélande	2002	Différence_de_la_part_de_l'emploi_des_femmes_par_rapport_aux_hommes_dans_les_services	+26.3%	0.263
Costa_Rica	2010	Différence_de_la_part_de_l'emploi_des_femmes_par_rapport_aux_hommes_dans_les_services	+29.3%	0.293
République_tchèque	2014	Différence_de_la_part_de_l'emploi_des_femmes_par_rapport_aux_hommes_dans_les_services	+27.7%	0.277
Canada	2002	Différence_de_la_part_de_l'emploi_des_femmes_par_rapport_aux_hommes_dans_les_services	+23.3%	0.233
États-Unis	2009	Différence_de_la_part_de_l'emploi_des_femmes_par_rapport_aux_hommes_dans_les_services	+21.2%	0.212
Grèce	2012	Différence_de_la_part_de_l'emploi_des_femmes_par_rapport_aux_hommes_dans_les_services	+15.7%	0.157
Pologne	2013	Différence_de_la_part_de_l'emploi_des_femmes_par_rapport_aux_hommes_dans_les_services	+27.9%	0.279
Espagne	2002	Différence_de_la_part_de_l'emploi_des_femmes_par_rapport_aux_hommes_dans_les_services	+30.3%	0.303
Afrique_du_Sud	2007	Différence_de_la_part_de_l'emploi_des_femmes_par_rapport_aux_hommes_dans_les_services	+25.9%	0.259
Costa_Rica	2015	Différence_de_la_part_de_l'emploi_des_femmes_par_rapport_aux_hommes_dans_les_services	+28.4%	0.284
Russie	2013	Différence_de_la_part_de_l'emploi_des_femmes_par_rapport_aux_hommes_dans_les_services	+24.1%	0.241
Japon	2012	Différence_de_la_part_de_l'emploi_des_femmes_par_rapport_aux_hommes_dans_les_services	+20.2%	0.202
Japon	2004	Différence_de_la_part_de_l'emploi_des_femmes_par_rapport_aux_hommes_dans_les_services	+17.8%	0.178
Suisse	2006	Différence_de_la_part_de_l'emploi_des_femmes_par_rapport_aux_hommes_dans_les_services	+23.0%	0.23
Russie	2014	Différence_de_la_part_de_l'emploi_des_femmes_par_rapport_aux_hommes_dans_les_services	+24.3%	0.243
République_tchèque	2000	Différence_de_la_part_de_l'emploi_des_femmes_par_rapport_aux_hommes_dans_les_services	+25.0%	0.25
Turquie	2013	Différence_de_la_part_de_l'emploi_des_femmes_par_rapport_aux_hommes_dans_les_services	-3.3%	0.033
Portugal	2015	Différence_de_la_part_de_l'emploi_des_femmes_par_rapport_aux_hommes_dans_les_services	+22.4%	0.224
Suède	2008	Différence_de_la_part_de_l'emploi_des_femmes_par_rapport_aux_hommes_dans_les_services	+27.1%	0.271
Islande	2015	Différence_de_la_part_de_l'emploi_des_femmes_par_rapport_aux_hommes_dans_les_services	+25.5%	0.255
Russie	2009	Différence_de_la_part_de_l'emploi_des_femmes_par_rapport_aux_hommes_dans_les_services	+22.9%	0.229
Hongrie	2015	Différence_de_la_part_de_l'emploi_des_femmes_par_rapport_aux_hommes_dans_les_services	+25.2%	0.252
Luxembourg	2014	Différence_de_la_part_de_l'emploi_des_femmes_par_rapport_aux_hommes_dans_les_services	+13.2%	0.132
Irlande	2002	Différence_de_la_part_de_l'emploi_des_femmes_par_rapport_aux_hommes_dans_les_services	+33.9%	0.339
Israël	2006	Différence_de_la_part_de_l'emploi_des_femmes_par_rapport_aux_hommes_dans_les_services	+23.3%	0.233
États-Unis	2014	Différence_de_la_part_de_l'emploi_des_femmes_par_rapport_aux_hommes_dans_les_services	+20.7%	0.207
République_slovaque	2015	Différence_de_la_part_de_l'emploi_des_femmes_par_rapport_aux_hommes_dans_les_services	+31.0%	0.31
Pologne	2009	Différence_de_la_part_de_l'emploi_des_femmes_par_rapport_aux_hommes_dans_les_services	+26.2%	0.262
Brésil	2007	Différence_de_la_part_de_l'emploi_des_femmes_par_rapport_aux_hommes_dans_les_services	+23.2%	0.232
Israël	2008	Différence_de_la_part_de_l'emploi_des_femmes_par_rapport_aux_hommes_dans_les_services	+22.6%	0.226
Belgique	2015	Différence_de_la_part_de_l'emploi_des_femmes_par_rapport_aux_hommes_dans_les_services	+25.3%	0.253
Lettonie	2004	Différence_de_la_part_de_l'emploi_des_femmes_par_rapport_aux_hommes_dans_les_services	+24.8%	0.248
Chili	2013	Différence_de_la_part_de_l'emploi_des_femmes_par_rapport_aux_hommes_dans_les_services	+30.3%	0.303
Espagne	2015	Différence_de_la_part_de_l'emploi_des_femmes_par_rapport_aux_hommes_dans_les_services	+24.5%	0.245
Brésil	2002	Différence_de_la_part_de_l'emploi_des_femmes_par_rapport_aux_hommes_dans_les_services	+22.3%	0.223
Norvège	2013	Différence_de_la_part_de_l'emploi_des_femmes_par_rapport_aux_hommes_dans_les_services	+27.0%	0.27
Russie	2012	Différence_de_la_part_de_l'emploi_des_femmes_par_rapport_aux_hommes_dans_les_services	+24.5%	0.245
Indonésie	2014	Différence_de_la_part_de_l'emploi_des_femmes_par_rapport_aux_hommes_dans_les_services	+11.5%	0.115
Afrique_du_Sud	2002	Différence_de_la_part_de_l'emploi_des_femmes_par_rapport_aux_hommes_dans_les_services	+23.7%	0.237
Israël	2005	Différence_de_la_part_de_l'emploi_des_femmes_par_rapport_aux_hommes_dans_les_services	+22.9%	0.229
États-Unis	2011	Différence_de_la_part_de_l'emploi_des_femmes_par_rapport_aux_hommes_dans_les_services	+20.5%	0.205
Suisse	2008	Différence_de_la_part_de_l'emploi_des_femmes_par_rapport_aux_hommes_dans_les_services	+18.9%	0.189
Russie	2010	Différence_de_la_part_de_l'emploi_des_femmes_par_rapport_aux_hommes_dans_les_services	+23.8%	0.238
Lettonie	2011	Différence_de_la_part_de_l'emploi_des_femmes_par_rapport_aux_hommes_dans_les_services	+25.7%	0.257
Indonésie	2000	Différence_de_la_part_de_l'emploi_des_femmes_par_rapport_aux_hommes_dans_les_services	+1.6%	0.016
Estonie	2013	Différence_de_la_part_de_l'emploi_des_femmes_par_rapport_aux_hommes_dans_les_services	+30.0%	0.3
France	2013	Différence_de_la_part_de_l'emploi_des_femmes_par_rapport_aux_hommes_dans_les_services	+23.6%	0.236
Irlande	2014	Différence_de_la_part_de_l'emploi_des_femmes_par_rapport_aux_hommes_dans_les_services	+26.1%	0.261
Belgique	2014	Différence_de_la_part_de_l'emploi_des_femmes_par_rapport_aux_hommes_dans_les_services	+25.0%	0.25
Lettonie	2000	Différence_de_la_part_de_l'emploi_des_femmes_par_rapport_aux_hommes_dans_les_services	+19.4%	0.194
Afrique_du_Sud	2013	Différence_de_la_part_de_l'emploi_des_femmes_par_rapport_aux_hommes_dans_les_services	+22.5%	0.225
Brésil	2005	Différence_de_la_part_de_l'emploi_des_femmes_par_rapport_aux_hommes_dans_les_services	+22.2%	0.222
Luxembourg	2009	Différence_de_la_part_de_l'emploi_des_femmes_par_rapport_aux_hommes_dans_les_services	+16.4%	0.164
Nouvelle-Zélande	2001	Différence_de_la_part_de_l'emploi_des_femmes_par_rapport_aux_hommes_dans_les_services	+25.8%	0.258
Lituanie	2008	Différence_de_la_part_de_l'emploi_des_femmes_par_rapport_aux_hommes_dans_les_services	+27.1%	0.271
Pologne	2010	Différence_de_la_part_de_l'emploi_des_femmes_par_rapport_aux_hommes_dans_les_services	+26.3%	0.263
Corée	2009	Différence_de_la_part_de_l'emploi_des_femmes_par_rapport_aux_hommes_dans_les_services	+17.4%	0.174
Afrique_du_Sud	2003	Différence_de_la_part_de_l'emploi_des_femmes_par_rapport_aux_hommes_dans_les_services	+25.1%	0.251
Colombie	2007	Différence_de_la_part_de_l'emploi_des_femmes_par_rapport_aux_hommes_dans_les_services	+27.2%	0.272
Afrique_du_Sud	2014	Différence_de_la_part_de_l'emploi_des_femmes_par_rapport_aux_hommes_dans_les_services	+27.9%	0.279
Estonie	2014	Différence_de_la_part_de_l'emploi_des_femmes_par_rapport_aux_hommes_dans_les_services	+28.0%	0.28
République_tchèque	2013	Différence_de_la_part_de_l'emploi_des_femmes_par_rapport_aux_hommes_dans_les_services	+27.8%	0.278
Indonésie	2002	Différence_de_la_part_de_l'emploi_des_femmes_par_rapport_aux_hommes_dans_les_services	+3.0%	0.03
Hongrie	2012	Différence_de_la_part_de_l'emploi_des_femmes_par_rapport_aux_hommes_dans_les_services	+24.3%	0.243
Suisse	2015	Différence_de_la_part_de_l'emploi_des_femmes_par_rapport_aux_hommes_dans_les_services	+18.6%	0.186
Belgique	2012	Différence_de_la_part_de_l'emploi_des_femmes_par_rapport_aux_hommes_dans_les_services	+25.0%	0.25
Portugal	2012	Différence_de_la_part_de_l'emploi_des_femmes_par_rapport_aux_hommes_dans_les_services	+24.2%	0.242
République_slovaque	2012	Différence_de_la_part_de_l'emploi_des_femmes_par_rapport_aux_hommes_dans_les_services	+32.6%	0.326
Pologne	2008	Différence_de_la_part_de_l'emploi_des_femmes_par_rapport_aux_hommes_dans_les_services	+25.6%	0.256
Espagne	2007	Différence_de_la_part_de_l'emploi_des_femmes_par_rapport_aux_hommes_dans_les_services	+32.8%	0.328
Nouvelle-Zélande	2000	Différence_de_la_part_de_l'emploi_des_femmes_par_rapport_aux_hommes_dans_les_services	+25.4%	0.254
Estonie	2009	Différence_de_la_part_de_l'emploi_des_femmes_par_rapport_aux_hommes_dans_les_services	+27.7%	0.277
Belgique	2011	Différence_de_la_part_de_l'emploi_des_femmes_par_rapport_aux_hommes_dans_les_services	+25.5%	0.255
France	2011	Différence_de_la_part_de_l'emploi_des_femmes_par_rapport_aux_hommes_dans_les_services	+23.9%	0.239
Luxembourg	2004	Différence_de_la_part_de_l'emploi_des_femmes_par_rapport_aux_hommes_dans_les_services	+21.7%	0.217
Russie	2003	Différence_de_la_part_de_l'emploi_des_femmes_par_rapport_aux_hommes_dans_les_services	+20.9%	0.209
Turquie	2012	Différence_de_la_part_de_l'emploi_des_femmes_par_rapport_aux_hommes_dans_les_services	-5.1%	0.051
Norvège	2009	Différence_de_la_part_de_l'emploi_des_femmes_par_rapport_aux_hommes_dans_les_services	+28.1%	0.281
États-Unis	2001	Différence_de_la_part_de_l'emploi_des_femmes_par_rapport_aux_hommes_dans_les_services	+21.8%	0.218
Finlande	2012	Différence_de_la_part_de_l'emploi_des_femmes_par_rapport_aux_hommes_dans_les_services	+30.4%	0.304
Irlande	2011	Différence_de_la_part_de_l'emploi_des_femmes_par_rapport_aux_hommes_dans_les_services	+26.4%	0.264
Mexique	2009	Différence_de_la_part_de_l'emploi_des_femmes_par_rapport_aux_hommes_dans_les_services	+28.4%	0.284
Luxembourg	2003	Différence_de_la_part_de_l'emploi_des_femmes_par_rapport_aux_hommes_dans_les_services	+23.6%	0.236
Colombie	2015	Différence_de_la_part_de_l'emploi_des_femmes_par_rapport_aux_hommes_dans_les_services	+25.9%	0.259
Estonie	2012	Différence_de_la_part_de_l'emploi_des_femmes_par_rapport_aux_hommes_dans_les_services	+30.9%	0.309
Danemark	2011	Différence_de_la_part_de_l'emploi_des_femmes_par_rapport_aux_hommes_dans_les_services	+22.9%	0.229
Israël	2010	Différence_de_la_part_de_l'emploi_des_femmes_par_rapport_aux_hommes_dans_les_services	+22.0%	0.22
Finlande	2010	Différence_de_la_part_de_l'emploi_des_femmes_par_rapport_aux_hommes_dans_les_services	+29.6%	0.296
Espagne	2011	Différence_de_la_part_de_l'emploi_des_femmes_par_rapport_aux_hommes_dans_les_services	+26.7%	0.267
Indonésie	2015	Différence_de_la_part_de_l'emploi_des_femmes_par_rapport_aux_hommes_dans_les_services	+12.0%	0.12
Royaume-Uni	2007	Différence_de_la_part_de_l'emploi_des_femmes_par_rapport_aux_hommes_dans_les_services	+25.0%	0.25
Afrique_du_Sud	2005	Différence_de_la_part_de_l'emploi_des_femmes_par_rapport_aux_hommes_dans_les_services	+23.6%	0.236
Estonie	2010	Différence_de_la_part_de_l'emploi_des_femmes_par_rapport_aux_hommes_dans_les_services	+28.6%	0.286
Luxembourg	2008	Différence_de_la_part_de_l'emploi_des_femmes_par_rapport_aux_hommes_dans_les_services	+17.0%	0.17
Allemagne	2012	Différence_de_la_part_de_l'emploi_des_femmes_par_rapport_aux_hommes_dans_les_services	+27.2%	0.272
Nouvelle-Zélande	2008	Différence_de_la_part_de_l'emploi_des_femmes_par_rapport_aux_hommes_dans_les_services	+25.2%	0.252
Canada	2012	Différence_de_la_part_de_l'emploi_des_femmes_par_rapport_aux_hommes_dans_les_services	+23.1%	0.231
Israël	2002	Différence_de_la_part_de_l'emploi_des_femmes_par_rapport_aux_hommes_dans_les_services	+23.7%	0.237
Lettonie	2002	Différence_de_la_part_de_l'emploi_des_femmes_par_rapport_aux_hommes_dans_les_services	+27.9%	0.279
Lettonie	2010	Différence_de_la_part_de_l'emploi_des_femmes_par_rapport_aux_hommes_dans_les_services	+26.0%	0.26
République_tchèque	2003	Différence_de_la_part_de_l'emploi_des_femmes_par_rapport_aux_hommes_dans_les_services	+25.2%	0.252
Espagne	2013	Différence_de_la_part_de_l'emploi_des_femmes_par_rapport_aux_hommes_dans_les_services	+24.7%	0.247
Irlande	2007	Différence_de_la_part_de_l'emploi_des_femmes_par_rapport_aux_hommes_dans_les_services	+36.5%	0.365
Islande	2010	Différence_de_la_part_de_l'emploi_des_femmes_par_rapport_aux_hommes_dans_les_services	+26.7%	0.267
Israël	2011	Différence_de_la_part_de_l'emploi_des_femmes_par_rapport_aux_hommes_dans_les_services	+22.1%	0.221
Australie	2012	Différence_de_la_part_de_l'emploi_des_femmes_par_rapport_aux_hommes_dans_les_services	+23.9%	0.239
Australie	2001	Différence_de_la_part_de_l'emploi_des_femmes_par_rapport_aux_hommes_dans_les_services	+22.0%	0.22
Irlande	2000	Différence_de_la_part_de_l'emploi_des_femmes_par_rapport_aux_hommes_dans_les_services	+32.4%	0.324
Lituanie	2015	Différence_de_la_part_de_l'emploi_des_femmes_par_rapport_aux_hommes_dans_les_services	+22.6%	0.226
République_slovaque	2010	Différence_de_la_part_de_l'emploi_des_femmes_par_rapport_aux_hommes_dans_les_services	+31.6%	0.316
Lettonie	2003	Différence_de_la_part_de_l'emploi_des_femmes_par_rapport_aux_hommes_dans_les_services	+25.1%	0.251
Brésil	2013	Différence_de_la_part_de_l'emploi_des_femmes_par_rapport_aux_hommes_dans_les_services	+26.3%	0.263
Suède	2011	Différence_de_la_part_de_l'emploi_des_femmes_par_rapport_aux_hommes_dans_les_services	+25.5%	0.255
États-Unis	2015	Différence_de_la_part_de_l'emploi_des_femmes_par_rapport_aux_hommes_dans_les_services	+20.5%	0.205
Estonie	2003	Différence_de_la_part_de_l'emploi_des_femmes_par_rapport_aux_hommes_dans_les_services	+25.7%	0.257
Pologne	2014	Différence_de_la_part_de_l'emploi_des_femmes_par_rapport_aux_hommes_dans_les_services	+27.6%	0.276
Lettonie	2013	Différence_de_la_part_de_l'emploi_des_femmes_par_rapport_aux_hommes_dans_les_services	+27.3%	0.273
République_tchèque	2008	Différence_de_la_part_de_l'emploi_des_femmes_par_rapport_aux_hommes_dans_les_services	+26.0%	0.26
Afrique_du_Sud	2001	Différence_de_la_part_de_l'emploi_des_femmes_par_rapport_aux_hommes_dans_les_services	+26.4%	0.264
Costa_Rica	2000	Différence_de_la_part_de_l'emploi_des_femmes_par_rapport_aux_hommes_dans_les_services	+30.3%	0.303
Canada	2007	Différence_de_la_part_de_l'emploi_des_femmes_par_rapport_aux_hommes_dans_les_services	+23.0%	0.23
Corée	2006	Différence_de_la_part_de_l'emploi_des_femmes_par_rapport_aux_hommes_dans_les_services	+16.4%	0.164
Australie	2006	Différence_de_la_part_de_l'emploi_des_femmes_par_rapport_aux_hommes_dans_les_services	+23.6%	0.236
Brésil	2003	Différence_de_la_part_de_l'emploi_des_femmes_par_rapport_aux_hommes_dans_les_services	+22.2%	0.222
Lituanie	2001	Différence_de_la_part_de_l'emploi_des_femmes_par_rapport_aux_hommes_dans_les_services	+20.8%	0.208
Allemagne	2015	Différence_de_la_part_de_l'emploi_des_femmes_par_rapport_aux_hommes_dans_les_services	+26.9%	0.269
Japon	2009	Différence_de_la_part_de_l'emploi_des_femmes_par_rapport_aux_hommes_dans_les_services	+19.8%	0.198
Danemark	2005	Différence_de_la_part_de_l'emploi_des_femmes_par_rapport_aux_hommes_dans_les_services	+25.3%	0.253
France	2012	Différence_de_la_part_de_l'emploi_des_femmes_par_rapport_aux_hommes_dans_les_services	+23.9%	0.239
République_slovaque	2011	Différence_de_la_part_de_l'emploi_des_femmes_par_rapport_aux_hommes_dans_les_services	+31.9%	0.319
Japon	2006	Différence_de_la_part_de_l'emploi_des_femmes_par_rapport_aux_hommes_dans_les_services	+18.5%	0.185
Lituanie	2014	Différence_de_la_part_de_l'emploi_des_femmes_par_rapport_aux_hommes_dans_les_services	+22.4%	0.224
République_tchèque	2001	Différence_de_la_part_de_l'emploi_des_femmes_par_rapport_aux_hommes_dans_les_services	+24.4%	0.244
République_tchèque	2005	Différence_de_la_part_de_l'emploi_des_femmes_par_rapport_aux_hommes_dans_les_services	+25.7%	0.257
Japon	2005	Différence_de_la_part_de_l'emploi_des_femmes_par_rapport_aux_hommes_dans_les_services	+18.4%	0.184
République_tchèque	2010	Différence_de_la_part_de_l'emploi_des_femmes_par_rapport_aux_hommes_dans_les_services	+28.2%	0.282
Brésil	2004	Différence_de_la_part_de_l'emploi_des_femmes_par_rapport_aux_hommes_dans_les_services	+22.9%	0.229
Royaume-Uni	2012	Différence_de_la_part_de_l'emploi_des_femmes_par_rapport_aux_hommes_dans_les_services	+22.3%	0.223
Russie	2007	Différence_de_la_part_de_l'emploi_des_femmes_par_rapport_aux_hommes_dans_les_services	+21.9%	0.219
Espagne	2010	Différence_de_la_part_de_l'emploi_des_femmes_par_rapport_aux_hommes_dans_les_services	+27.6%	0.276
France	2010	Différence_de_la_part_de_l'emploi_des_femmes_par_rapport_aux_hommes_dans_les_services	+24.9%	0.249
Indonésie	2001	Différence_de_la_part_de_l'emploi_des_femmes_par_rapport_aux_hommes_dans_les_services	+3.0%	0.03
Brésil	2014	Différence_de_la_part_de_l'emploi_des_femmes_par_rapport_aux_hommes_dans_les_services	+25.3%	0.253
Espagne	2000	Différence_de_la_part_de_l'emploi_des_femmes_par_rapport_aux_hommes_dans_les_services	+29.3%	0.293
Norvège	2010	Différence_de_la_part_de_l'emploi_des_femmes_par_rapport_aux_hommes_dans_les_services	+27.1%	0.271
Finlande	2008	Différence_de_la_part_de_l'emploi_des_femmes_par_rapport_aux_hommes_dans_les_services	+31.8%	0.318
Japon	2013	Différence_de_la_part_de_l'emploi_des_femmes_par_rapport_aux_hommes_dans_les_services	+20.4%	0.204
Colombie	2011	Différence_de_la_part_de_l'emploi_des_femmes_par_rapport_aux_hommes_dans_les_services	+26.6%	0.266
Costa_Rica	2006	Différence_de_la_part_de_l'emploi_des_femmes_par_rapport_aux_hommes_dans_les_services	+28.8%	0.288
France	2007	Différence_de_la_part_de_l'emploi_des_femmes_par_rapport_aux_hommes_dans_les_services	+24.6%	0.246
France	2005	Différence_de_la_part_de_l'emploi_des_femmes_par_rapport_aux_hommes_dans_les_services	+24.3%	0.243
Portugal	2008	Différence_de_la_part_de_l'emploi_des_femmes_par_rapport_aux_hommes_dans_les_services	+22.6%	0.226
Irlande	2012	Différence_de_la_part_de_l'emploi_des_femmes_par_rapport_aux_hommes_dans_les_services	+25.5%	0.255
Mexique	2012	Différence_de_la_part_de_l'emploi_des_femmes_par_rapport_aux_hommes_dans_les_services	+28.2%	0.282
États-Unis	2002	Différence_de_la_part_de_l'emploi_des_femmes_par_rapport_aux_hommes_dans_les_services	+21.8%	0.218
Luxembourg	2010	Différence_de_la_part_de_l'emploi_des_femmes_par_rapport_aux_hommes_dans_les_services	+15.6%	0.156
Colombie	2002	Différence_de_la_part_de_l'emploi_des_femmes_par_rapport_aux_hommes_dans_les_services	+27.0%	0.27
Danemark	2009	Différence_de_la_part_de_l'emploi_des_femmes_par_rapport_aux_hommes_dans_les_services	+22.2%	0.222
Lettonie	2012	Différence_de_la_part_de_l'emploi_des_femmes_par_rapport_aux_hommes_dans_les_services	+26.3%	0.263
Suède	2015	Différence_de_la_part_de_l'emploi_des_femmes_par_rapport_aux_hommes_dans_les_services	+23.6%	0.236
Lituanie	2011	Différence_de_la_part_de_l'emploi_des_femmes_par_rapport_aux_hommes_dans_les_services	+21.2%	0.212
Costa_Rica	2012	Différence_de_la_part_de_l'emploi_des_femmes_par_rapport_aux_hommes_dans_les_services	+27.2%	0.272
France	2006	Différence_de_la_part_de_l'emploi_des_femmes_par_rapport_aux_hommes_dans_les_services	+25.3%	0.253
Nouvelle-Zélande	2006	Différence_de_la_part_de_l'emploi_des_femmes_par_rapport_aux_hommes_dans_les_services	+26.2%	0.262
Lituanie	2005	Différence_de_la_part_de_l'emploi_des_femmes_par_rapport_aux_hommes_dans_les_services	+21.7%	0.217
Pays-Bas	2012	Différence_de_la_part_de_l'emploi_des_femmes_par_rapport_aux_hommes_dans_les_services	+19.3%	0.193
Colombie	2014	Différence_de_la_part_de_l'emploi_des_femmes_par_rapport_aux_hommes_dans_les_services	+25.9%	0.259
Autriche	2009	Différence_de_la_part_de_l'emploi_des_femmes_par_rapport_aux_hommes_dans_les_services	+25.0%	0.25
Pays-Bas	2010	Différence_de_la_part_de_l'emploi_des_femmes_par_rapport_aux_hommes_dans_les_services	+20.0%	0.2
Turquie	2011	Différence_de_la_part_de_l'emploi_des_femmes_par_rapport_aux_hommes_dans_les_services	-7.7%	0.077
Lettonie	2009	Différence_de_la_part_de_l'emploi_des_femmes_par_rapport_aux_hommes_dans_les_services	+24.3%	0.243
Islande	2009	Différence_de_la_part_de_l'emploi_des_femmes_par_rapport_aux_hommes_dans_les_services	+25.5%	0.255
Corée	2013	Différence_de_la_part_de_l'emploi_des_femmes_par_rapport_aux_hommes_dans_les_services	+18.4%	0.184
Irlande	2008	Différence_de_la_part_de_l'emploi_des_femmes_par_rapport_aux_hommes_dans_les_services	+35.4%	0.354
Italie	2008	Différence_de_la_part_de_l'emploi_des_femmes_par_rapport_aux_hommes_dans_les_services	+25.5%	0.255
Allemagne	2010	Différence_de_la_part_de_l'emploi_des_femmes_par_rapport_aux_hommes_dans_les_services	+27.1%	0.271
Lituanie	2003	Différence_de_la_part_de_l'emploi_des_femmes_par_rapport_aux_hommes_dans_les_services	+19.8%	0.198
Grèce	2011	Différence_de_la_part_de_l'emploi_des_femmes_par_rapport_aux_hommes_dans_les_services	+16.9%	0.169
Hongrie	2014	Différence_de_la_part_de_l'emploi_des_femmes_par_rapport_aux_hommes_dans_les_services	+24.8%	0.248
Russie	2006	Différence_de_la_part_de_l'emploi_des_femmes_par_rapport_aux_hommes_dans_les_services	+21.7%	0.217
Royaume-Uni	2005	Différence_de_la_part_de_l'emploi_des_femmes_par_rapport_aux_hommes_dans_les_services	+24.8%	0.248
Lituanie	2009	Différence_de_la_part_de_l'emploi_des_femmes_par_rapport_aux_hommes_dans_les_services	+24.1%	0.241
Nouvelle-Zélande	2003	Différence_de_la_part_de_l'emploi_des_femmes_par_rapport_aux_hommes_dans_les_services	+25.8%	0.258
Luxembourg	2005	Différence_de_la_part_de_l'emploi_des_femmes_par_rapport_aux_hommes_dans_les_services	+20.9%	0.209
Japon	2015	Différence_de_la_part_de_l'emploi_des_femmes_par_rapport_aux_hommes_dans_les_services	+20.0%	0.2
Luxembourg	2001	Différence_de_la_part_de_l'emploi_des_femmes_par_rapport_aux_hommes_dans_les_services	+25.1%	0.251
Autriche	2002	Différence_de_la_part_de_l'emploi_des_femmes_par_rapport_aux_hommes_dans_les_services	+29.4%	0.294
Hongrie	2009	Différence_de_la_part_de_l'emploi_des_femmes_par_rapport_aux_hommes_dans_les_services	+25.8%	0.258
Mexique	2006	Différence_de_la_part_de_l'emploi_des_femmes_par_rapport_aux_hommes_dans_les_services	+26.8%	0.268
République_tchèque	2004	Différence_de_la_part_de_l'emploi_des_femmes_par_rapport_aux_hommes_dans_les_services	+25.3%	0.253
Estonie	2007	Différence_de_la_part_de_l'emploi_des_femmes_par_rapport_aux_hommes_dans_les_services	+30.5%	0.305
Mexique	2011	Différence_de_la_part_de_l'emploi_des_femmes_par_rapport_aux_hommes_dans_les_services	+28.7%	0.287
Canada	2008	Différence_de_la_part_de_l'emploi_des_femmes_par_rapport_aux_hommes_dans_les_services	+23.6%	0.236
Slovénie	2015	Différence_de_la_part_de_l'emploi_des_femmes_par_rapport_aux_hommes_dans_les_services	+25.1%	0.251
Corée	2005	Différence_de_la_part_de_l'emploi_des_femmes_par_rapport_aux_hommes_dans_les_services	+16.1%	0.161
Finlande	2002	Différence_de_la_part_de_l'emploi_des_femmes_par_rapport_aux_hommes_dans_les_services	+29.9%	0.299
Espagne	2014	Différence_de_la_part_de_l'emploi_des_femmes_par_rapport_aux_hommes_dans_les_services	+24.2%	0.242
Lettonie	2015	Différence_de_la_part_de_l'emploi_des_femmes_par_rapport_aux_hommes_dans_les_services	+27.7%	0.277
République_slovaque	2014	Différence_de_la_part_de_l'emploi_des_femmes_par_rapport_aux_hommes_dans_les_services	+31.1%	0.311
Italie	2015	Différence_de_la_part_de_l'emploi_des_femmes_par_rapport_aux_hommes_dans_les_services	+25.9%	0.259
Slovénie	2009	Différence_de_la_part_de_l'emploi_des_femmes_par_rapport_aux_hommes_dans_les_services	+21.4%	0.214
Costa_Rica	2008	Différence_de_la_part_de_l'emploi_des_femmes_par_rapport_aux_hommes_dans_les_services	+26.8%	0.268
États-Unis	2005	Différence_de_la_part_de_l'emploi_des_femmes_par_rapport_aux_hommes_dans_les_services	+22.0%	0.22
Corée	2011	Différence_de_la_part_de_l'emploi_des_femmes_par_rapport_aux_hommes_dans_les_services	+17.0%	0.17
Lituanie	2010	Différence_de_la_part_de_l'emploi_des_femmes_par_rapport_aux_hommes_dans_les_services	+21.7%	0.217
Australie	2011	Différence_de_la_part_de_l'emploi_des_femmes_par_rapport_aux_hommes_dans_les_services	+23.6%	0.236
Danemark	2008	Différence_de_la_part_de_l'emploi_des_femmes_par_rapport_aux_hommes_dans_les_services	+23.2%	0.232
Portugal	2013	Différence_de_la_part_de_l'emploi_des_femmes_par_rapport_aux_hommes_dans_les_services	+22.3%	0.223
Pays-Bas	2009	Différence_de_la_part_de_l'emploi_des_femmes_par_rapport_aux_hommes_dans_les_services	+20.2%	0.202
Colombie	2003	Différence_de_la_part_de_l'emploi_des_femmes_par_rapport_aux_hommes_dans_les_services	+26.0%	0.26
Irlande	2013	Différence_de_la_part_de_l'emploi_des_femmes_par_rapport_aux_hommes_dans_les_services	+26.7%	0.267
France	2002	Différence_de_la_part_de_l'emploi_des_femmes_par_rapport_aux_hommes_dans_les_services	+24.4%	0.244
Corée	2008	Différence_de_la_part_de_l'emploi_des_femmes_par_rapport_aux_hommes_dans_les_services	+16.5%	0.165
Suisse	2012	Différence_de_la_part_de_l'emploi_des_femmes_par_rapport_aux_hommes_dans_les_services	+20.0%	0.2
Portugal	2009	Différence_de_la_part_de_l'emploi_des_femmes_par_rapport_aux_hommes_dans_les_services	+22.5%	0.225
Afrique_du_Sud	2000	Différence_de_la_part_de_l'emploi_des_femmes_par_rapport_aux_hommes_dans_les_services	+20.7%	0.207
Hongrie	2010	Différence_de_la_part_de_l'emploi_des_femmes_par_rapport_aux_hommes_dans_les_services	+24.8%	0.248
Israël	2007	Différence_de_la_part_de_l'emploi_des_femmes_par_rapport_aux_hommes_dans_les_services	+23.2%	0.232
Brésil	2008	Différence_de_la_part_de_l'emploi_des_femmes_par_rapport_aux_hommes_dans_les_services	+23.7%	0.237
Afrique_du_Sud	2008	Différence_de_la_part_de_l'emploi_des_femmes_par_rapport_aux_hommes_dans_les_services	+24.6%	0.246
Finlande	2000	Différence_de_la_part_de_l'emploi_des_femmes_par_rapport_aux_hommes_dans_les_services	+30.7%	0.307
Estonie	2006	Différence_de_la_part_de_l'emploi_des_femmes_par_rapport_aux_hommes_dans_les_services	+27.6%	0.276
Portugal	2010	Différence_de_la_part_de_l'emploi_des_femmes_par_rapport_aux_hommes_dans_les_services	+22.5%	0.225
Espagne	2003	Différence_de_la_part_de_l'emploi_des_femmes_par_rapport_aux_hommes_dans_les_services	+31.1%	0.311
Espagne	2009	Différence_de_la_part_de_l'emploi_des_femmes_par_rapport_aux_hommes_dans_les_services	+29.1%	0.291
Finlande	2007	Différence_de_la_part_de_l'emploi_des_femmes_par_rapport_aux_hommes_dans_les_services	+31.8%	0.318
Portugal	2011	Différence_de_la_part_de_l'emploi_des_femmes_par_rapport_aux_hommes_dans_les_services	+24.3%	0.243
France	2004	Différence_de_la_part_de_l'emploi_des_femmes_par_rapport_aux_hommes_dans_les_services	+23.8%	0.238
Norvège	2015	Différence_de_la_part_de_l'emploi_des_femmes_par_rapport_aux_hommes_dans_les_services	+26.7%	0.267
Russie	2001	Différence_de_la_part_de_l'emploi_des_femmes_par_rapport_aux_hommes_dans_les_services	+18.7%	0.187
Canada	2013	Différence_de_la_part_de_l'emploi_des_femmes_par_rapport_aux_hommes_dans_les_services	+23.4%	0.234
Finlande	2005	Différence_de_la_part_de_l'emploi_des_femmes_par_rapport_aux_hommes_dans_les_services	+30.5%	0.305
République_slovaque	2009	Différence_de_la_part_de_l'emploi_des_femmes_par_rapport_aux_hommes_dans_les_services	+30.9%	0.309
États-Unis	2008	Différence_de_la_part_de_l'emploi_des_femmes_par_rapport_aux_hommes_dans_les_services	+21.9%	0.219
Espagne	2001	Différence_de_la_part_de_l'emploi_des_femmes_par_rapport_aux_hommes_dans_les_services	+30.3%	0.303
Finlande	2011	Différence_de_la_part_de_l'emploi_des_femmes_par_rapport_aux_hommes_dans_les_services	+30.2%	0.302
Indonésie	2003	Différence_de_la_part_de_l'emploi_des_femmes_par_rapport_aux_hommes_dans_les_services	+2.2%	0.022
Lettonie	2006	Différence_de_la_part_de_l'emploi_des_femmes_par_rapport_aux_hommes_dans_les_services	+27.4%	0.274
Brésil	2011	Différence_de_la_part_de_l'emploi_des_femmes_par_rapport_aux_hommes_dans_les_services	+25.2%	0.252
Suisse	2011	Différence_de_la_part_de_l'emploi_des_femmes_par_rapport_aux_hommes_dans_les_services	+21.1%	0.211
Canada	2009	Différence_de_la_part_de_l'emploi_des_femmes_par_rapport_aux_hommes_dans_les_services	+23.2%	0.232
Islande	2011	Différence_de_la_part_de_l'emploi_des_femmes_par_rapport_aux_hommes_dans_les_services	+27.3%	0.273
Norvège	2014	Différence_de_la_part_de_l'emploi_des_femmes_par_rapport_aux_hommes_dans_les_services	+26.9%	0.269
Costa_Rica	2007	Différence_de_la_part_de_l'emploi_des_femmes_par_rapport_aux_hommes_dans_les_services	+27.3%	0.273
Suisse	2009	Différence_de_la_part_de_l'emploi_des_femmes_par_rapport_aux_hommes_dans_les_services	+20.0%	0.2
Canada	2005	Différence_de_la_part_de_l'emploi_des_femmes_par_rapport_aux_hommes_dans_les_services	+23.7%	0.237
Canada	2010	Différence_de_la_part_de_l'emploi_des_femmes_par_rapport_aux_hommes_dans_les_services	+23.4%	0.234
Israël	2012	Différence_de_la_part_de_l'emploi_des_femmes_par_rapport_aux_hommes_dans_les_services	+19.9%	0.199
Canada	2011	Différence_de_la_part_de_l'emploi_des_femmes_par_rapport_aux_hommes_dans_les_services	+22.8%	0.228
Suisse	2014	Différence_de_la_part_de_l'emploi_des_femmes_par_rapport_aux_hommes_dans_les_services	+18.9%	0.189
Allemagne	2014	Différence_de_la_part_de_l'emploi_des_femmes_par_rapport_aux_hommes_dans_les_services	+27.0%	0.27
Suède	2014	Différence_de_la_part_de_l'emploi_des_femmes_par_rapport_aux_hommes_dans_les_services	+23.7%	0.237
Norvège	2012	Différence_de_la_part_de_l'emploi_des_femmes_par_rapport_aux_hommes_dans_les_services	+26.9%	0.269
Afrique_du_Sud	2010	Différence_de_la_part_de_l'emploi_des_femmes_par_rapport_aux_hommes_dans_les_services	+21.8%	0.218
États-Unis	2007	Différence_de_la_part_de_l'emploi_des_femmes_par_rapport_aux_hommes_dans_les_services	+22.3%	0.223
Norvège	2011	Différence_de_la_part_de_l'emploi_des_femmes_par_rapport_aux_hommes_dans_les_services	+27.2%	0.272
Belgique	2008	Différence_de_la_part_de_l'emploi_des_femmes_par_rapport_aux_hommes_dans_les_services	+26.9%	0.269
États-Unis	2000	Différence_de_la_part_de_l'emploi_des_femmes_par_rapport_aux_hommes_dans_les_services	+21.8%	0.218
Costa_Rica	2014	Différence_de_la_part_de_l'emploi_des_femmes_par_rapport_aux_hommes_dans_les_services	+24.5%	0.245
Costa_Rica	2011	Différence_de_la_part_de_l'emploi_des_femmes_par_rapport_aux_hommes_dans_les_services	+27.7%	0.277
Canada	2006	Différence_de_la_part_de_l'emploi_des_femmes_par_rapport_aux_hommes_dans_les_services	+23.2%	0.232
Nouvelle-Zélande	2004	Différence_de_la_part_de_l'emploi_des_femmes_par_rapport_aux_hommes_dans_les_services	+25.3%	0.253
République_tchèque	2002	Différence_de_la_part_de_l'emploi_des_femmes_par_rapport_aux_hommes_dans_les_services	+24.7%	0.247
Espagne	2004	Différence_de_la_part_de_l'emploi_des_femmes_par_rapport_aux_hommes_dans_les_services	+31.8%	0.318
Suisse	2013	Différence_de_la_part_de_l'emploi_des_femmes_par_rapport_aux_hommes_dans_les_services	+20.0%	0.2
Costa_Rica	2002	Différence_de_la_part_de_l'emploi_des_femmes_par_rapport_aux_hommes_dans_les_services	+29.5%	0.295
Afrique_du_Sud	2006	Différence_de_la_part_de_l'emploi_des_femmes_par_rapport_aux_hommes_dans_les_services	+22.3%	0.223
Slovénie	2014	Différence_de_la_part_de_l'emploi_des_femmes_par_rapport_aux_hommes_dans_les_services	+24.0%	0.24
Estonie	2001	Différence_de_la_part_de_l'emploi_des_femmes_par_rapport_aux_hommes_dans_les_services	+24.7%	0.247
Autriche	2000	Différence_de_la_part_de_l'emploi_des_femmes_par_rapport_aux_hommes_dans_les_services	+28.8%	0.288
Luxembourg	2013	Différence_de_la_part_de_l'emploi_des_femmes_par_rapport_aux_hommes_dans_les_services	+14.9%	0.149
Hongrie	2008	Différence_de_la_part_de_l'emploi_des_femmes_par_rapport_aux_hommes_dans_les_services	+25.0%	0.25
Autriche	2001	Différence_de_la_part_de_l'emploi_des_femmes_par_rapport_aux_hommes_dans_les_services	+28.1%	0.281
Costa_Rica	2013	Différence_de_la_part_de_l'emploi_des_femmes_par_rapport_aux_hommes_dans_les_services	+26.3%	0.263
Pologne	2015	Différence_de_la_part_de_l'emploi_des_femmes_par_rapport_aux_hommes_dans_les_services	+27.6%	0.276
Suisse	2003	Différence_de_la_part_de_l'emploi_des_femmes_par_rapport_aux_hommes_dans_les_services	+22.1%	0.221
République_tchèque	2009	Différence_de_la_part_de_l'emploi_des_femmes_par_rapport_aux_hommes_dans_les_services	+27.2%	0.272
Luxembourg	2011	Différence_de_la_part_de_l'emploi_des_femmes_par_rapport_aux_hommes_dans_les_services	+17.1%	0.171
Brésil	2009	Différence_de_la_part_de_l'emploi_des_femmes_par_rapport_aux_hommes_dans_les_services	+24.4%	0.244
