Lettonie	2006	Part_des_sièges_occupés_par_des_femmes_dans_les_parlements_nationaux	19.0%	0.62
Luxembourg	2013	Part_des_sièges_occupés_par_des_femmes_dans_les_parlements_nationaux	28.3%	0.434
Allemagne	2005	Part_des_sièges_occupés_par_des_femmes_dans_les_parlements_nationaux	31.8%	0.364
Corée	2006	Part_des_sièges_occupés_par_des_femmes_dans_les_parlements_nationaux	13.4%	0.732
Australie	2013	Part_des_sièges_occupés_par_des_femmes_dans_les_parlements_nationaux	26.0%	0.48
Afrique_du_Sud	2015	Part_des_sièges_occupés_par_des_femmes_dans_les_parlements_nationaux	42.0%	0.16
Hongrie	2012	Part_des_sièges_occupés_par_des_femmes_dans_les_parlements_nationaux	8.8%	0.824
Brésil	2012	Part_des_sièges_occupés_par_des_femmes_dans_les_parlements_nationaux	8.6%	0.828
Lettonie	2014	Part_des_sièges_occupés_par_des_femmes_dans_les_parlements_nationaux	18.0%	0.64
Norvège	2011	Part_des_sièges_occupés_par_des_femmes_dans_les_parlements_nationaux	39.6%	0.208
États-Unis	2006	Part_des_sièges_occupés_par_des_femmes_dans_les_parlements_nationaux	16.3%	0.674
Brésil	2003	Part_des_sièges_occupés_par_des_femmes_dans_les_parlements_nationaux	8.6%	0.828
Hongrie	2014	Part_des_sièges_occupés_par_des_femmes_dans_les_parlements_nationaux	10.1%	0.798
Italie	2015	Part_des_sièges_occupés_par_des_femmes_dans_les_parlements_nationaux	31.0%	0.38
Japon	2010	Part_des_sièges_occupés_par_des_femmes_dans_les_parlements_nationaux	11.3%	0.774
Islande	2011	Part_des_sièges_occupés_par_des_femmes_dans_les_parlements_nationaux	39.7%	0.206
République_tchèque	2000	Part_des_sièges_occupés_par_des_femmes_dans_les_parlements_nationaux	15.0%	0.7
Inde	2011	Part_des_sièges_occupés_par_des_femmes_dans_les_parlements_nationaux	11.0%	0.78
Brésil	2004	Part_des_sièges_occupés_par_des_femmes_dans_les_parlements_nationaux	8.6%	0.828
Hongrie	2004	Part_des_sièges_occupés_par_des_femmes_dans_les_parlements_nationaux	9.1%	0.818
Lettonie	2013	Part_des_sièges_occupés_par_des_femmes_dans_les_parlements_nationaux	23.0%	0.54
Grèce	2014	Part_des_sièges_occupés_par_des_femmes_dans_les_parlements_nationaux	21.0%	0.58
République_slovaque	2013	Part_des_sièges_occupés_par_des_femmes_dans_les_parlements_nationaux	18.7%	0.626
Slovénie	2013	Part_des_sièges_occupés_par_des_femmes_dans_les_parlements_nationaux	32.2%	0.356
Australie	2003	Part_des_sièges_occupés_par_des_femmes_dans_les_parlements_nationaux	25.3%	0.494
Pays-Bas	2013	Part_des_sièges_occupés_par_des_femmes_dans_les_parlements_nationaux	38.7%	0.226
Estonie	2000	Part_des_sièges_occupés_par_des_femmes_dans_les_parlements_nationaux	17.8%	0.644
Brésil	2015	Part_des_sièges_occupés_par_des_femmes_dans_les_parlements_nationaux	9.9%	0.802
Belgique	2004	Part_des_sièges_occupés_par_des_femmes_dans_les_parlements_nationaux	34.7%	0.306
Suède	2009	Part_des_sièges_occupés_par_des_femmes_dans_les_parlements_nationaux	46.4%	0.072
Autriche	2003	Part_des_sièges_occupés_par_des_femmes_dans_les_parlements_nationaux	33.9%	0.322
Chine_(République_populaire_de)	2015	Part_des_sièges_occupés_par_des_femmes_dans_les_parlements_nationaux	23.6%	0.528
Pologne	2005	Part_des_sièges_occupés_par_des_femmes_dans_les_parlements_nationaux	20.4%	0.592
Hongrie	2005	Part_des_sièges_occupés_par_des_femmes_dans_les_parlements_nationaux	9.1%	0.818
Slovénie	2008	Part_des_sièges_occupés_par_des_femmes_dans_les_parlements_nationaux	13.3%	0.734
Portugal	2000	Part_des_sièges_occupés_par_des_femmes_dans_les_parlements_nationaux	17.4%	0.652
Pologne	2012	Part_des_sièges_occupés_par_des_femmes_dans_les_parlements_nationaux	23.7%	0.526
Norvège	2002	Part_des_sièges_occupés_par_des_femmes_dans_les_parlements_nationaux	36.4%	0.272
Chili	2015	Part_des_sièges_occupés_par_des_femmes_dans_les_parlements_nationaux	15.8%	0.684
Costa_Rica	2012	Part_des_sièges_occupés_par_des_femmes_dans_les_parlements_nationaux	38.6%	0.228
Grèce	2006	Part_des_sièges_occupés_par_des_femmes_dans_les_parlements_nationaux	13.0%	0.74
Japon	2006	Part_des_sièges_occupés_par_des_femmes_dans_les_parlements_nationaux	9.4%	0.812
Chili	2000	Part_des_sièges_occupés_par_des_femmes_dans_les_parlements_nationaux	10.8%	0.784
Afrique_du_Sud	2001	Part_des_sièges_occupés_par_des_femmes_dans_les_parlements_nationaux	29.8%	0.404
Finlande	2012	Part_des_sièges_occupés_par_des_femmes_dans_les_parlements_nationaux	42.5%	0.15
Portugal	2013	Part_des_sièges_occupés_par_des_femmes_dans_les_parlements_nationaux	31.3%	0.374
Nouvelle-Zélande	2005	Part_des_sièges_occupés_par_des_femmes_dans_les_parlements_nationaux	32.2%	0.356
Royaume-Uni	2008	Part_des_sièges_occupés_par_des_femmes_dans_les_parlements_nationaux	19.5%	0.61
Royaume-Uni	2012	Part_des_sièges_occupés_par_des_femmes_dans_les_parlements_nationaux	22.5%	0.55
Canada	2002	Part_des_sièges_occupés_par_des_femmes_dans_les_parlements_nationaux	20.6%	0.588
Chine_(République_populaire_de)	2000	Part_des_sièges_occupés_par_des_femmes_dans_les_parlements_nationaux	21.8%	0.564
Turquie	2003	Part_des_sièges_occupés_par_des_femmes_dans_les_parlements_nationaux	4.4%	0.912
Belgique	2005	Part_des_sièges_occupés_par_des_femmes_dans_les_parlements_nationaux	34.7%	0.306
Colombie	2011	Part_des_sièges_occupés_par_des_femmes_dans_les_parlements_nationaux	12.1%	0.758
Afrique_du_Sud	2009	Part_des_sièges_occupés_par_des_femmes_dans_les_parlements_nationaux	44.5%	0.11
Japon	2000	Part_des_sièges_occupés_par_des_femmes_dans_les_parlements_nationaux	7.3%	0.854
Espagne	2007	Part_des_sièges_occupés_par_des_femmes_dans_les_parlements_nationaux	36.6%	0.268
Royaume-Uni	2004	Part_des_sièges_occupés_par_des_femmes_dans_les_parlements_nationaux	18.1%	0.638
Slovénie	2012	Part_des_sièges_occupés_par_des_femmes_dans_les_parlements_nationaux	32.2%	0.356
Afrique_du_Sud	2003	Part_des_sièges_occupés_par_des_femmes_dans_les_parlements_nationaux	29.8%	0.404
Canada	2001	Part_des_sièges_occupés_par_des_femmes_dans_les_parlements_nationaux	20.6%	0.588
Russie	2005	Part_des_sièges_occupés_par_des_femmes_dans_les_parlements_nationaux	9.8%	0.804
Portugal	2008	Part_des_sièges_occupés_par_des_femmes_dans_les_parlements_nationaux	28.3%	0.434
États-Unis	2005	Part_des_sièges_occupés_par_des_femmes_dans_les_parlements_nationaux	15.2%	0.696
Suisse	2001	Part_des_sièges_occupés_par_des_femmes_dans_les_parlements_nationaux	23.0%	0.54
Italie	2005	Part_des_sièges_occupés_par_des_femmes_dans_les_parlements_nationaux	11.5%	0.77
Costa_Rica	2002	Part_des_sièges_occupés_par_des_femmes_dans_les_parlements_nationaux	35.1%	0.298
France	2011	Part_des_sièges_occupés_par_des_femmes_dans_les_parlements_nationaux	18.9%	0.622
Irlande	2006	Part_des_sièges_occupés_par_des_femmes_dans_les_parlements_nationaux	13.3%	0.734
Pays-Bas	2012	Part_des_sièges_occupés_par_des_femmes_dans_les_parlements_nationaux	38.7%	0.226
Pays-Bas	2004	Part_des_sièges_occupés_par_des_femmes_dans_les_parlements_nationaux	36.7%	0.266
Autriche	2011	Part_des_sièges_occupés_par_des_femmes_dans_les_parlements_nationaux	27.9%	0.442
République_slovaque	2011	Part_des_sièges_occupés_par_des_femmes_dans_les_parlements_nationaux	16.0%	0.68
Canada	2004	Part_des_sièges_occupés_par_des_femmes_dans_les_parlements_nationaux	21.1%	0.578
République_tchèque	2007	Part_des_sièges_occupés_par_des_femmes_dans_les_parlements_nationaux	15.5%	0.69
Corée	2009	Part_des_sièges_occupés_par_des_femmes_dans_les_parlements_nationaux	14.7%	0.706
Autriche	2013	Part_des_sièges_occupés_par_des_femmes_dans_les_parlements_nationaux	33.3%	0.334
Moyenne_OCDE	2006	Part_des_sièges_occupés_par_des_femmes_dans_les_parlements_nationaux	22.8%	0.544
Italie	2008	Part_des_sièges_occupés_par_des_femmes_dans_les_parlements_nationaux	21.3%	0.574
Finlande	2014	Part_des_sièges_occupés_par_des_femmes_dans_les_parlements_nationaux	42.5%	0.15
Lettonie	2001	Part_des_sièges_occupés_par_des_femmes_dans_les_parlements_nationaux	17.0%	0.66
Canada	2011	Part_des_sièges_occupés_par_des_femmes_dans_les_parlements_nationaux	24.8%	0.504
Chili	2012	Part_des_sièges_occupés_par_des_femmes_dans_les_parlements_nationaux	14.2%	0.716
Israël	2006	Part_des_sièges_occupés_par_des_femmes_dans_les_parlements_nationaux	14.2%	0.716
Allemagne	2010	Part_des_sièges_occupés_par_des_femmes_dans_les_parlements_nationaux	32.8%	0.344
Grèce	2010	Part_des_sièges_occupés_par_des_femmes_dans_les_parlements_nationaux	17.3%	0.654
République_slovaque	2014	Part_des_sièges_occupés_par_des_femmes_dans_les_parlements_nationaux	18.7%	0.626
Mexique	2006	Part_des_sièges_occupés_par_des_femmes_dans_les_parlements_nationaux	22.6%	0.548
Chili	2008	Part_des_sièges_occupés_par_des_femmes_dans_les_parlements_nationaux	15.0%	0.7
Corée	2012	Part_des_sièges_occupés_par_des_femmes_dans_les_parlements_nationaux	15.7%	0.686
France	2001	Part_des_sièges_occupés_par_des_femmes_dans_les_parlements_nationaux	10.9%	0.782
Chili	2002	Part_des_sièges_occupés_par_des_femmes_dans_les_parlements_nationaux	12.5%	0.75
Brésil	2005	Part_des_sièges_occupés_par_des_femmes_dans_les_parlements_nationaux	8.6%	0.828
Turquie	2009	Part_des_sièges_occupés_par_des_femmes_dans_les_parlements_nationaux	9.1%	0.818
Slovénie	2003	Part_des_sièges_occupés_par_des_femmes_dans_les_parlements_nationaux	12.2%	0.756
Irlande	2002	Part_des_sièges_occupés_par_des_femmes_dans_les_parlements_nationaux	13.3%	0.734
États-Unis	2012	Part_des_sièges_occupés_par_des_femmes_dans_les_parlements_nationaux	18.0%	0.64
Brésil	2013	Part_des_sièges_occupés_par_des_femmes_dans_les_parlements_nationaux	8.6%	0.828
Slovénie	2015	Part_des_sièges_occupés_par_des_femmes_dans_les_parlements_nationaux	36.7%	0.266
Islande	2014	Part_des_sièges_occupés_par_des_femmes_dans_les_parlements_nationaux	39.7%	0.206
Belgique	2012	Part_des_sièges_occupés_par_des_femmes_dans_les_parlements_nationaux	38.0%	0.24
Irlande	2015	Part_des_sièges_occupés_par_des_femmes_dans_les_parlements_nationaux	16.3%	0.674
Suède	2010	Part_des_sièges_occupés_par_des_femmes_dans_les_parlements_nationaux	45.0%	0.1
Allemagne	2015	Part_des_sièges_occupés_par_des_femmes_dans_les_parlements_nationaux	36.5%	0.27
Indonésie	2004	Part_des_sièges_occupés_par_des_femmes_dans_les_parlements_nationaux	11.3%	0.774
Brésil	2008	Part_des_sièges_occupés_par_des_femmes_dans_les_parlements_nationaux	9.0%	0.82
Moyenne_OCDE	2011	Part_des_sièges_occupés_par_des_femmes_dans_les_parlements_nationaux	25.8%	0.484
Suisse	2002	Part_des_sièges_occupés_par_des_femmes_dans_les_parlements_nationaux	23.0%	0.54
Turquie	2010	Part_des_sièges_occupés_par_des_femmes_dans_les_parlements_nationaux	9.1%	0.818
Lettonie	2008	Part_des_sièges_occupés_par_des_femmes_dans_les_parlements_nationaux	20.0%	0.6
États-Unis	2011	Part_des_sièges_occupés_par_des_femmes_dans_les_parlements_nationaux	16.8%	0.664
Chili	2013	Part_des_sièges_occupés_par_des_femmes_dans_les_parlements_nationaux	15.8%	0.684
Colombie	2014	Part_des_sièges_occupés_par_des_femmes_dans_les_parlements_nationaux	19.9%	0.602
Colombie	2000	Part_des_sièges_occupés_par_des_femmes_dans_les_parlements_nationaux	11.8%	0.764
Finlande	2015	Part_des_sièges_occupés_par_des_femmes_dans_les_parlements_nationaux	41.5%	0.17
Canada	2012	Part_des_sièges_occupés_par_des_femmes_dans_les_parlements_nationaux	24.7%	0.506
Pologne	2000	Part_des_sièges_occupés_par_des_femmes_dans_les_parlements_nationaux	13.0%	0.74
États-Unis	2003	Part_des_sièges_occupés_par_des_femmes_dans_les_parlements_nationaux	14.3%	0.714
Moyenne_OCDE	2000	Part_des_sièges_occupés_par_des_femmes_dans_les_parlements_nationaux	20.2%	0.596
Autriche	2010	Part_des_sièges_occupés_par_des_femmes_dans_les_parlements_nationaux	27.9%	0.442
Danemark	2014	Part_des_sièges_occupés_par_des_femmes_dans_les_parlements_nationaux	39.1%	0.218
Afrique_du_Sud	2011	Part_des_sièges_occupés_par_des_femmes_dans_les_parlements_nationaux	42.3%	0.154
Autriche	2000	Part_des_sièges_occupés_par_des_femmes_dans_les_parlements_nationaux	26.8%	0.464
Costa_Rica	2004	Part_des_sièges_occupés_par_des_femmes_dans_les_parlements_nationaux	35.1%	0.298
Luxembourg	2015	Part_des_sièges_occupés_par_des_femmes_dans_les_parlements_nationaux	28.3%	0.434
Italie	2006	Part_des_sièges_occupés_par_des_femmes_dans_les_parlements_nationaux	17.3%	0.654
Pologne	2003	Part_des_sièges_occupés_par_des_femmes_dans_les_parlements_nationaux	20.2%	0.596
Nouvelle-Zélande	2008	Part_des_sièges_occupés_par_des_femmes_dans_les_parlements_nationaux	33.6%	0.328
Turquie	2014	Part_des_sièges_occupés_par_des_femmes_dans_les_parlements_nationaux	14.4%	0.712
Costa_Rica	2015	Part_des_sièges_occupés_par_des_femmes_dans_les_parlements_nationaux	33.3%	0.334
Costa_Rica	2014	Part_des_sièges_occupés_par_des_femmes_dans_les_parlements_nationaux	33.3%	0.334
Belgique	2009	Part_des_sièges_occupés_par_des_femmes_dans_les_parlements_nationaux	38.0%	0.24
Inde	2006	Part_des_sièges_occupés_par_des_femmes_dans_les_parlements_nationaux	8.3%	0.834
Inde	2012	Part_des_sièges_occupés_par_des_femmes_dans_les_parlements_nationaux	11.0%	0.78
Irlande	2013	Part_des_sièges_occupés_par_des_femmes_dans_les_parlements_nationaux	15.7%	0.686
Costa_Rica	2013	Part_des_sièges_occupés_par_des_femmes_dans_les_parlements_nationaux	38.6%	0.228
Mexique	2004	Part_des_sièges_occupés_par_des_femmes_dans_les_parlements_nationaux	22.6%	0.548
Slovénie	2006	Part_des_sièges_occupés_par_des_femmes_dans_les_parlements_nationaux	12.2%	0.756
Estonie	2001	Part_des_sièges_occupés_par_des_femmes_dans_les_parlements_nationaux	17.8%	0.644
Italie	2009	Part_des_sièges_occupés_par_des_femmes_dans_les_parlements_nationaux	21.3%	0.574
Indonésie	2010	Part_des_sièges_occupés_par_des_femmes_dans_les_parlements_nationaux	18.0%	0.64
Indonésie	2008	Part_des_sièges_occupés_par_des_femmes_dans_les_parlements_nationaux	11.6%	0.768
Pays-Bas	2001	Part_des_sièges_occupés_par_des_femmes_dans_les_parlements_nationaux	36.0%	0.28
Slovénie	2014	Part_des_sièges_occupés_par_des_femmes_dans_les_parlements_nationaux	35.6%	0.288
Australie	2000	Part_des_sièges_occupés_par_des_femmes_dans_les_parlements_nationaux	23.0%	0.54
Italie	2007	Part_des_sièges_occupés_par_des_femmes_dans_les_parlements_nationaux	17.3%	0.654
Norvège	2014	Part_des_sièges_occupés_par_des_femmes_dans_les_parlements_nationaux	39.6%	0.208
Irlande	2010	Part_des_sièges_occupés_par_des_femmes_dans_les_parlements_nationaux	13.9%	0.722
Belgique	2006	Part_des_sièges_occupés_par_des_femmes_dans_les_parlements_nationaux	34.7%	0.306
Australie	2005	Part_des_sièges_occupés_par_des_femmes_dans_les_parlements_nationaux	24.7%	0.506
Allemagne	2001	Part_des_sièges_occupés_par_des_femmes_dans_les_parlements_nationaux	31.1%	0.378
Indonésie	2011	Part_des_sièges_occupés_par_des_femmes_dans_les_parlements_nationaux	18.2%	0.636
Japon	2011	Part_des_sièges_occupés_par_des_femmes_dans_les_parlements_nationaux	10.8%	0.784
États-Unis	2009	Part_des_sièges_occupés_par_des_femmes_dans_les_parlements_nationaux	16.8%	0.664
Lituanie	2011	Part_des_sièges_occupés_par_des_femmes_dans_les_parlements_nationaux	19.1%	0.618
Inde	2007	Part_des_sièges_occupés_par_des_femmes_dans_les_parlements_nationaux	9.1%	0.818
Russie	2001	Part_des_sièges_occupés_par_des_femmes_dans_les_parlements_nationaux	7.6%	0.848
Corée	2014	Part_des_sièges_occupés_par_des_femmes_dans_les_parlements_nationaux	16.3%	0.674
Colombie	2009	Part_des_sièges_occupés_par_des_femmes_dans_les_parlements_nationaux	8.4%	0.832
Mexique	2007	Part_des_sièges_occupés_par_des_femmes_dans_les_parlements_nationaux	23.2%	0.536
Indonésie	2003	Part_des_sièges_occupés_par_des_femmes_dans_les_parlements_nationaux	8.0%	0.84
Indonésie	2006	Part_des_sièges_occupés_par_des_femmes_dans_les_parlements_nationaux	11.3%	0.774
Brésil	2002	Part_des_sièges_occupés_par_des_femmes_dans_les_parlements_nationaux	6.2%	0.876
Royaume-Uni	2002	Part_des_sièges_occupés_par_des_femmes_dans_les_parlements_nationaux	17.9%	0.642
Colombie	2010	Part_des_sièges_occupés_par_des_femmes_dans_les_parlements_nationaux	12.7%	0.746
Slovénie	2007	Part_des_sièges_occupés_par_des_femmes_dans_les_parlements_nationaux	12.2%	0.756
Inde	2003	Part_des_sièges_occupés_par_des_femmes_dans_les_parlements_nationaux	8.8%	0.824
Estonie	2013	Part_des_sièges_occupés_par_des_femmes_dans_les_parlements_nationaux	20.8%	0.584
Colombie	2005	Part_des_sièges_occupés_par_des_femmes_dans_les_parlements_nationaux	12.1%	0.758
République_tchèque	2006	Part_des_sièges_occupés_par_des_femmes_dans_les_parlements_nationaux	15.5%	0.69
Autriche	2014	Part_des_sièges_occupés_par_des_femmes_dans_les_parlements_nationaux	32.2%	0.356
Autriche	2009	Part_des_sièges_occupés_par_des_femmes_dans_les_parlements_nationaux	27.9%	0.442
Chine_(République_populaire_de)	2009	Part_des_sièges_occupés_par_des_femmes_dans_les_parlements_nationaux	21.3%	0.574
Pologne	2008	Part_des_sièges_occupés_par_des_femmes_dans_les_parlements_nationaux	20.2%	0.596
Corée	2008	Part_des_sièges_occupés_par_des_femmes_dans_les_parlements_nationaux	13.7%	0.726
Israël	2010	Part_des_sièges_occupés_par_des_femmes_dans_les_parlements_nationaux	19.2%	0.616
Nouvelle-Zélande	2006	Part_des_sièges_occupés_par_des_femmes_dans_les_parlements_nationaux	32.2%	0.356
Royaume-Uni	2007	Part_des_sièges_occupés_par_des_femmes_dans_les_parlements_nationaux	19.5%	0.61
Inde	2000	Part_des_sièges_occupés_par_des_femmes_dans_les_parlements_nationaux	9.0%	0.82
Chili	2009	Part_des_sièges_occupés_par_des_femmes_dans_les_parlements_nationaux	14.2%	0.716
Colombie	2003	Part_des_sièges_occupés_par_des_femmes_dans_les_parlements_nationaux	12.0%	0.76
France	2009	Part_des_sièges_occupés_par_des_femmes_dans_les_parlements_nationaux	18.9%	0.622
Suède	2013	Part_des_sièges_occupés_par_des_femmes_dans_les_parlements_nationaux	45.0%	0.1
Moyenne_OCDE	2015	Part_des_sièges_occupés_par_des_femmes_dans_les_parlements_nationaux	28.3%	0.434
Lituanie	2009	Part_des_sièges_occupés_par_des_femmes_dans_les_parlements_nationaux	19.1%	0.618
Portugal	2001	Part_des_sièges_occupés_par_des_femmes_dans_les_parlements_nationaux	18.7%	0.626
Lituanie	2006	Part_des_sièges_occupés_par_des_femmes_dans_les_parlements_nationaux	24.8%	0.504
République_tchèque	2013	Part_des_sièges_occupés_par_des_femmes_dans_les_parlements_nationaux	19.5%	0.61
Mexique	2011	Part_des_sièges_occupés_par_des_femmes_dans_les_parlements_nationaux	26.2%	0.476
Suisse	2010	Part_des_sièges_occupés_par_des_femmes_dans_les_parlements_nationaux	29.0%	0.42
France	2003	Part_des_sièges_occupés_par_des_femmes_dans_les_parlements_nationaux	12.2%	0.756
Chine_(République_populaire_de)	2011	Part_des_sièges_occupés_par_des_femmes_dans_les_parlements_nationaux	21.3%	0.574
Lituanie	2015	Part_des_sièges_occupés_par_des_femmes_dans_les_parlements_nationaux	23.4%	0.532
République_tchèque	2015	Part_des_sièges_occupés_par_des_femmes_dans_les_parlements_nationaux	20.0%	0.6
Chine_(République_populaire_de)	2006	Part_des_sièges_occupés_par_des_femmes_dans_les_parlements_nationaux	20.3%	0.594
République_slovaque	2012	Part_des_sièges_occupés_par_des_femmes_dans_les_parlements_nationaux	18.7%	0.626
Mexique	2015	Part_des_sièges_occupés_par_des_femmes_dans_les_parlements_nationaux	42.4%	0.152
Inde	2002	Part_des_sièges_occupés_par_des_femmes_dans_les_parlements_nationaux	8.8%	0.824
Suède	2008	Part_des_sièges_occupés_par_des_femmes_dans_les_parlements_nationaux	47.0%	0.06
Australie	2014	Part_des_sièges_occupés_par_des_femmes_dans_les_parlements_nationaux	26.0%	0.48
Inde	2001	Part_des_sièges_occupés_par_des_femmes_dans_les_parlements_nationaux	8.8%	0.824
Grèce	2001	Part_des_sièges_occupés_par_des_femmes_dans_les_parlements_nationaux	8.7%	0.826
Lettonie	2011	Part_des_sièges_occupés_par_des_femmes_dans_les_parlements_nationaux	23.0%	0.54
Suède	2002	Part_des_sièges_occupés_par_des_femmes_dans_les_parlements_nationaux	45.0%	0.1
Canada	2015	Part_des_sièges_occupés_par_des_femmes_dans_les_parlements_nationaux	26.0%	0.48
Israël	2004	Part_des_sièges_occupés_par_des_femmes_dans_les_parlements_nationaux	15.0%	0.7
Suisse	2014	Part_des_sièges_occupés_par_des_femmes_dans_les_parlements_nationaux	31.0%	0.38
Mexique	2014	Part_des_sièges_occupés_par_des_femmes_dans_les_parlements_nationaux	37.4%	0.252
République_slovaque	2001	Part_des_sièges_occupés_par_des_femmes_dans_les_parlements_nationaux	14.0%	0.72
Autriche	2012	Part_des_sièges_occupés_par_des_femmes_dans_les_parlements_nationaux	27.9%	0.442
Mexique	2012	Part_des_sièges_occupés_par_des_femmes_dans_les_parlements_nationaux	36.8%	0.264
Colombie	2001	Part_des_sièges_occupés_par_des_femmes_dans_les_parlements_nationaux	11.8%	0.764
États-Unis	2008	Part_des_sièges_occupés_par_des_femmes_dans_les_parlements_nationaux	17.0%	0.66
Afrique_du_Sud	2006	Part_des_sièges_occupés_par_des_femmes_dans_les_parlements_nationaux	32.8%	0.344
Danemark	2009	Part_des_sièges_occupés_par_des_femmes_dans_les_parlements_nationaux	38.0%	0.24
Norvège	2001	Part_des_sièges_occupés_par_des_femmes_dans_les_parlements_nationaux	35.8%	0.284
République_slovaque	2000	Part_des_sièges_occupés_par_des_femmes_dans_les_parlements_nationaux	14.0%	0.72
Autriche	2008	Part_des_sièges_occupés_par_des_femmes_dans_les_parlements_nationaux	27.3%	0.454
France	2012	Part_des_sièges_occupés_par_des_femmes_dans_les_parlements_nationaux	26.9%	0.462
Allemagne	2012	Part_des_sièges_occupés_par_des_femmes_dans_les_parlements_nationaux	32.9%	0.342
France	2006	Part_des_sièges_occupés_par_des_femmes_dans_les_parlements_nationaux	12.2%	0.756
Slovénie	2005	Part_des_sièges_occupés_par_des_femmes_dans_les_parlements_nationaux	12.2%	0.756
Nouvelle-Zélande	2011	Part_des_sièges_occupés_par_des_femmes_dans_les_parlements_nationaux	32.2%	0.356
Costa_Rica	2006	Part_des_sièges_occupés_par_des_femmes_dans_les_parlements_nationaux	38.6%	0.228
Suède	2000	Part_des_sièges_occupés_par_des_femmes_dans_les_parlements_nationaux	42.7%	0.146
Estonie	2004	Part_des_sièges_occupés_par_des_femmes_dans_les_parlements_nationaux	18.8%	0.624
Canada	2003	Part_des_sièges_occupés_par_des_femmes_dans_les_parlements_nationaux	20.6%	0.588
Corée	2004	Part_des_sièges_occupés_par_des_femmes_dans_les_parlements_nationaux	13.0%	0.74
Canada	2009	Part_des_sièges_occupés_par_des_femmes_dans_les_parlements_nationaux	22.1%	0.558
Lettonie	2005	Part_des_sièges_occupés_par_des_femmes_dans_les_parlements_nationaux	21.0%	0.58
Danemark	2006	Part_des_sièges_occupés_par_des_femmes_dans_les_parlements_nationaux	36.9%	0.262
Chine_(République_populaire_de)	2007	Part_des_sièges_occupés_par_des_femmes_dans_les_parlements_nationaux	20.6%	0.588
Italie	2012	Part_des_sièges_occupés_par_des_femmes_dans_les_parlements_nationaux	21.4%	0.572
Israël	2000	Part_des_sièges_occupés_par_des_femmes_dans_les_parlements_nationaux	12.5%	0.75
Indonésie	2002	Part_des_sièges_occupés_par_des_femmes_dans_les_parlements_nationaux	8.0%	0.84
Estonie	2007	Part_des_sièges_occupés_par_des_femmes_dans_les_parlements_nationaux	20.8%	0.584
Estonie	2012	Part_des_sièges_occupés_par_des_femmes_dans_les_parlements_nationaux	20.8%	0.584
Suède	2012	Part_des_sièges_occupés_par_des_femmes_dans_les_parlements_nationaux	44.7%	0.106
Portugal	2007	Part_des_sièges_occupés_par_des_femmes_dans_les_parlements_nationaux	28.3%	0.434
Portugal	2015	Part_des_sièges_occupés_par_des_femmes_dans_les_parlements_nationaux	34.8%	0.304
Nouvelle-Zélande	2003	Part_des_sièges_occupés_par_des_femmes_dans_les_parlements_nationaux	28.3%	0.434
Hongrie	2007	Part_des_sièges_occupés_par_des_femmes_dans_les_parlements_nationaux	11.1%	0.778
Italie	2003	Part_des_sièges_occupés_par_des_femmes_dans_les_parlements_nationaux	11.5%	0.77
Suède	2003	Part_des_sièges_occupés_par_des_femmes_dans_les_parlements_nationaux	45.3%	0.094
Turquie	2007	Part_des_sièges_occupés_par_des_femmes_dans_les_parlements_nationaux	9.1%	0.818
Finlande	2009	Part_des_sièges_occupés_par_des_femmes_dans_les_parlements_nationaux	40.0%	0.2
Espagne	2004	Part_des_sièges_occupés_par_des_femmes_dans_les_parlements_nationaux	36.0%	0.28
Autriche	2006	Part_des_sièges_occupés_par_des_femmes_dans_les_parlements_nationaux	32.2%	0.356
Japon	2012	Part_des_sièges_occupés_par_des_femmes_dans_les_parlements_nationaux	7.9%	0.842
Corée	2003	Part_des_sièges_occupés_par_des_femmes_dans_les_parlements_nationaux	5.9%	0.882
Afrique_du_Sud	2012	Part_des_sièges_occupés_par_des_femmes_dans_les_parlements_nationaux	42.3%	0.154
Italie	2002	Part_des_sièges_occupés_par_des_femmes_dans_les_parlements_nationaux	9.8%	0.804
Lituanie	2001	Part_des_sièges_occupés_par_des_femmes_dans_les_parlements_nationaux	10.6%	0.788
Belgique	2007	Part_des_sièges_occupés_par_des_femmes_dans_les_parlements_nationaux	35.3%	0.294
Belgique	2003	Part_des_sièges_occupés_par_des_femmes_dans_les_parlements_nationaux	35.3%	0.294
Norvège	2012	Part_des_sièges_occupés_par_des_femmes_dans_les_parlements_nationaux	39.6%	0.208
Costa_Rica	2008	Part_des_sièges_occupés_par_des_femmes_dans_les_parlements_nationaux	36.8%	0.264
Japon	2007	Part_des_sièges_occupés_par_des_femmes_dans_les_parlements_nationaux	9.4%	0.812
Grèce	2003	Part_des_sièges_occupés_par_des_femmes_dans_les_parlements_nationaux	8.7%	0.826
Espagne	2000	Part_des_sièges_occupés_par_des_femmes_dans_les_parlements_nationaux	28.3%	0.434
Corée	2013	Part_des_sièges_occupés_par_des_femmes_dans_les_parlements_nationaux	15.7%	0.686
Hongrie	2009	Part_des_sièges_occupés_par_des_femmes_dans_les_parlements_nationaux	11.1%	0.778
Espagne	2006	Part_des_sièges_occupés_par_des_femmes_dans_les_parlements_nationaux	36.0%	0.28
Chine_(République_populaire_de)	2008	Part_des_sièges_occupés_par_des_femmes_dans_les_parlements_nationaux	21.3%	0.574
Espagne	2014	Part_des_sièges_occupés_par_des_femmes_dans_les_parlements_nationaux	39.7%	0.206
Colombie	2007	Part_des_sièges_occupés_par_des_femmes_dans_les_parlements_nationaux	8.4%	0.832
Costa_Rica	2010	Part_des_sièges_occupés_par_des_femmes_dans_les_parlements_nationaux	38.6%	0.228
Lituanie	2010	Part_des_sièges_occupés_par_des_femmes_dans_les_parlements_nationaux	19.1%	0.618
Slovénie	2004	Part_des_sièges_occupés_par_des_femmes_dans_les_parlements_nationaux	12.2%	0.756
République_tchèque	2008	Part_des_sièges_occupés_par_des_femmes_dans_les_parlements_nationaux	15.5%	0.69
Islande	2008	Part_des_sièges_occupés_par_des_femmes_dans_les_parlements_nationaux	33.3%	0.334
France	2015	Part_des_sièges_occupés_par_des_femmes_dans_les_parlements_nationaux	26.2%	0.476
Russie	2008	Part_des_sièges_occupés_par_des_femmes_dans_les_parlements_nationaux	14.0%	0.72
Indonésie	2005	Part_des_sièges_occupés_par_des_femmes_dans_les_parlements_nationaux	11.3%	0.774
Pologne	2004	Part_des_sièges_occupés_par_des_femmes_dans_les_parlements_nationaux	20.2%	0.596
Slovénie	2010	Part_des_sièges_occupés_par_des_femmes_dans_les_parlements_nationaux	14.4%	0.712
Finlande	2011	Part_des_sièges_occupés_par_des_femmes_dans_les_parlements_nationaux	42.5%	0.15
Norvège	2003	Part_des_sièges_occupés_par_des_femmes_dans_les_parlements_nationaux	36.4%	0.272
Pays-Bas	2008	Part_des_sièges_occupés_par_des_femmes_dans_les_parlements_nationaux	41.3%	0.174
Pays-Bas	2005	Part_des_sièges_occupés_par_des_femmes_dans_les_parlements_nationaux	36.7%	0.266
Danemark	2004	Part_des_sièges_occupés_par_des_femmes_dans_les_parlements_nationaux	38.0%	0.24
Colombie	2015	Part_des_sièges_occupés_par_des_femmes_dans_les_parlements_nationaux	19.9%	0.602
Moyenne_OCDE	2005	Part_des_sièges_occupés_par_des_femmes_dans_les_parlements_nationaux	22.6%	0.548
Finlande	2001	Part_des_sièges_occupés_par_des_femmes_dans_les_parlements_nationaux	36.5%	0.27
Pologne	2010	Part_des_sièges_occupés_par_des_femmes_dans_les_parlements_nationaux	20.0%	0.6
Russie	2004	Part_des_sièges_occupés_par_des_femmes_dans_les_parlements_nationaux	9.8%	0.804
États-Unis	2014	Part_des_sièges_occupés_par_des_femmes_dans_les_parlements_nationaux	19.3%	0.614
Lettonie	2002	Part_des_sièges_occupés_par_des_femmes_dans_les_parlements_nationaux	18.0%	0.64
Lituanie	2012	Part_des_sièges_occupés_par_des_femmes_dans_les_parlements_nationaux	24.5%	0.51
Estonie	2010	Part_des_sièges_occupés_par_des_femmes_dans_les_parlements_nationaux	22.8%	0.544
Moyenne_OCDE	2010	Part_des_sièges_occupés_par_des_femmes_dans_les_parlements_nationaux	24.8%	0.504
Afrique_du_Sud	2005	Part_des_sièges_occupés_par_des_femmes_dans_les_parlements_nationaux	32.8%	0.344
Nouvelle-Zélande	2001	Part_des_sièges_occupés_par_des_femmes_dans_les_parlements_nationaux	30.8%	0.384
Turquie	2000	Part_des_sièges_occupés_par_des_femmes_dans_les_parlements_nationaux	4.2%	0.916
Slovénie	2009	Part_des_sièges_occupés_par_des_femmes_dans_les_parlements_nationaux	14.4%	0.712
Espagne	2005	Part_des_sièges_occupés_par_des_femmes_dans_les_parlements_nationaux	36.0%	0.28
Danemark	2008	Part_des_sièges_occupés_par_des_femmes_dans_les_parlements_nationaux	38.0%	0.24
Inde	2015	Part_des_sièges_occupés_par_des_femmes_dans_les_parlements_nationaux	12.0%	0.76
Allemagne	2009	Part_des_sièges_occupés_par_des_femmes_dans_les_parlements_nationaux	32.8%	0.344
Royaume-Uni	2015	Part_des_sièges_occupés_par_des_femmes_dans_les_parlements_nationaux	29.4%	0.412
Lituanie	2013	Part_des_sièges_occupés_par_des_femmes_dans_les_parlements_nationaux	24.1%	0.518
Japon	2008	Part_des_sièges_occupés_par_des_femmes_dans_les_parlements_nationaux	9.4%	0.812
Australie	2002	Part_des_sièges_occupés_par_des_femmes_dans_les_parlements_nationaux	25.3%	0.494
Grèce	2008	Part_des_sièges_occupés_par_des_femmes_dans_les_parlements_nationaux	14.7%	0.706
Lituanie	2003	Part_des_sièges_occupés_par_des_femmes_dans_les_parlements_nationaux	10.6%	0.788
Afrique_du_Sud	2014	Part_des_sièges_occupés_par_des_femmes_dans_les_parlements_nationaux	41.5%	0.17
Luxembourg	2006	Part_des_sièges_occupés_par_des_femmes_dans_les_parlements_nationaux	23.3%	0.534
Autriche	2005	Part_des_sièges_occupés_par_des_femmes_dans_les_parlements_nationaux	33.9%	0.322
Pays-Bas	2006	Part_des_sièges_occupés_par_des_femmes_dans_les_parlements_nationaux	36.7%	0.266
Japon	2001	Part_des_sièges_occupés_par_des_femmes_dans_les_parlements_nationaux	7.3%	0.854
Espagne	2001	Part_des_sièges_occupés_par_des_femmes_dans_les_parlements_nationaux	28.3%	0.434
Pologne	2009	Part_des_sièges_occupés_par_des_femmes_dans_les_parlements_nationaux	20.0%	0.6
France	2004	Part_des_sièges_occupés_par_des_femmes_dans_les_parlements_nationaux	12.2%	0.756
Suisse	2009	Part_des_sièges_occupés_par_des_femmes_dans_les_parlements_nationaux	29.0%	0.42
Belgique	2015	Part_des_sièges_occupés_par_des_femmes_dans_les_parlements_nationaux	39.3%	0.214
Turquie	2001	Part_des_sièges_occupés_par_des_femmes_dans_les_parlements_nationaux	4.2%	0.916
France	2008	Part_des_sièges_occupés_par_des_femmes_dans_les_parlements_nationaux	18.2%	0.636
Mexique	2002	Part_des_sièges_occupés_par_des_femmes_dans_les_parlements_nationaux	16.0%	0.68
Hongrie	2001	Part_des_sièges_occupés_par_des_femmes_dans_les_parlements_nationaux	8.3%	0.834
Moyenne_OCDE	2014	Part_des_sièges_occupés_par_des_femmes_dans_les_parlements_nationaux	27.4%	0.452
Finlande	2006	Part_des_sièges_occupés_par_des_femmes_dans_les_parlements_nationaux	38.0%	0.24
Israël	2012	Part_des_sièges_occupés_par_des_femmes_dans_les_parlements_nationaux	20.0%	0.6
Irlande	2005	Part_des_sièges_occupés_par_des_femmes_dans_les_parlements_nationaux	13.3%	0.734
Luxembourg	2002	Part_des_sièges_occupés_par_des_femmes_dans_les_parlements_nationaux	16.7%	0.666
Moyenne_OCDE	2003	Part_des_sièges_occupés_par_des_femmes_dans_les_parlements_nationaux	21.5%	0.57
Royaume-Uni	2009	Part_des_sièges_occupés_par_des_femmes_dans_les_parlements_nationaux	19.5%	0.61
Chili	2014	Part_des_sièges_occupés_par_des_femmes_dans_les_parlements_nationaux	15.8%	0.684
France	2005	Part_des_sièges_occupés_par_des_femmes_dans_les_parlements_nationaux	12.2%	0.756
Japon	2003	Part_des_sièges_occupés_par_des_femmes_dans_les_parlements_nationaux	7.1%	0.858
Irlande	2014	Part_des_sièges_occupés_par_des_femmes_dans_les_parlements_nationaux	15.7%	0.686
Corée	2015	Part_des_sièges_occupés_par_des_femmes_dans_les_parlements_nationaux	16.3%	0.674
États-Unis	2010	Part_des_sièges_occupés_par_des_femmes_dans_les_parlements_nationaux	16.8%	0.664
Royaume-Uni	2005	Part_des_sièges_occupés_par_des_femmes_dans_les_parlements_nationaux	19.7%	0.606
Suède	2004	Part_des_sièges_occupés_par_des_femmes_dans_les_parlements_nationaux	45.3%	0.094
Slovénie	2001	Part_des_sièges_occupés_par_des_femmes_dans_les_parlements_nationaux	12.2%	0.756
Portugal	2006	Part_des_sièges_occupés_par_des_femmes_dans_les_parlements_nationaux	21.3%	0.574
République_slovaque	2003	Part_des_sièges_occupés_par_des_femmes_dans_les_parlements_nationaux	19.3%	0.614
Pays-Bas	2007	Part_des_sièges_occupés_par_des_femmes_dans_les_parlements_nationaux	39.3%	0.214
Belgique	2010	Part_des_sièges_occupés_par_des_femmes_dans_les_parlements_nationaux	39.3%	0.214
Espagne	2002	Part_des_sièges_occupés_par_des_femmes_dans_les_parlements_nationaux	28.3%	0.434
Australie	2006	Part_des_sièges_occupés_par_des_femmes_dans_les_parlements_nationaux	24.7%	0.506
Portugal	2002	Part_des_sièges_occupés_par_des_femmes_dans_les_parlements_nationaux	19.1%	0.618
Slovénie	2011	Part_des_sièges_occupés_par_des_femmes_dans_les_parlements_nationaux	32.2%	0.356
Grèce	2013	Part_des_sièges_occupés_par_des_femmes_dans_les_parlements_nationaux	21.0%	0.58
Pologne	2011	Part_des_sièges_occupés_par_des_femmes_dans_les_parlements_nationaux	23.7%	0.526
Afrique_du_Sud	2010	Part_des_sièges_occupés_par_des_femmes_dans_les_parlements_nationaux	44.5%	0.11
Autriche	2001	Part_des_sièges_occupés_par_des_femmes_dans_les_parlements_nationaux	26.8%	0.464
Allemagne	2006	Part_des_sièges_occupés_par_des_femmes_dans_les_parlements_nationaux	31.6%	0.368
Islande	2006	Part_des_sièges_occupés_par_des_femmes_dans_les_parlements_nationaux	33.3%	0.334
Hongrie	2008	Part_des_sièges_occupés_par_des_femmes_dans_les_parlements_nationaux	11.1%	0.778
Israël	2013	Part_des_sièges_occupés_par_des_femmes_dans_les_parlements_nationaux	22.5%	0.55
Hongrie	2010	Part_des_sièges_occupés_par_des_femmes_dans_les_parlements_nationaux	9.1%	0.818
Islande	2007	Part_des_sièges_occupés_par_des_femmes_dans_les_parlements_nationaux	33.3%	0.334
Islande	2003	Part_des_sièges_occupés_par_des_femmes_dans_les_parlements_nationaux	30.2%	0.396
Japon	2015	Part_des_sièges_occupés_par_des_femmes_dans_les_parlements_nationaux	9.5%	0.81
République_slovaque	2002	Part_des_sièges_occupés_par_des_femmes_dans_les_parlements_nationaux	17.3%	0.654
Canada	2010	Part_des_sièges_occupés_par_des_femmes_dans_les_parlements_nationaux	22.1%	0.558
Chine_(République_populaire_de)	2012	Part_des_sièges_occupés_par_des_femmes_dans_les_parlements_nationaux	21.3%	0.574
Colombie	2004	Part_des_sièges_occupés_par_des_femmes_dans_les_parlements_nationaux	12.0%	0.76
Suède	2007	Part_des_sièges_occupés_par_des_femmes_dans_les_parlements_nationaux	47.0%	0.06
Suisse	2004	Part_des_sièges_occupés_par_des_femmes_dans_les_parlements_nationaux	25.0%	0.5
Australie	2010	Part_des_sièges_occupés_par_des_femmes_dans_les_parlements_nationaux	24.7%	0.506
Nouvelle-Zélande	2010	Part_des_sièges_occupés_par_des_femmes_dans_les_parlements_nationaux	33.6%	0.328
Mexique	2005	Part_des_sièges_occupés_par_des_femmes_dans_les_parlements_nationaux	24.2%	0.516
Espagne	2011	Part_des_sièges_occupés_par_des_femmes_dans_les_parlements_nationaux	36.0%	0.28
Turquie	2015	Part_des_sièges_occupés_par_des_femmes_dans_les_parlements_nationaux	14.9%	0.702
Finlande	2013	Part_des_sièges_occupés_par_des_femmes_dans_les_parlements_nationaux	42.5%	0.15
France	2007	Part_des_sièges_occupés_par_des_femmes_dans_les_parlements_nationaux	18.2%	0.636
Lettonie	2009	Part_des_sièges_occupés_par_des_femmes_dans_les_parlements_nationaux	22.0%	0.56
Royaume-Uni	2011	Part_des_sièges_occupés_par_des_femmes_dans_les_parlements_nationaux	22.3%	0.554
Allemagne	2014	Part_des_sièges_occupés_par_des_femmes_dans_les_parlements_nationaux	36.5%	0.27
Corée	2000	Part_des_sièges_occupés_par_des_femmes_dans_les_parlements_nationaux	5.9%	0.882
Afrique_du_Sud	2000	Part_des_sièges_occupés_par_des_femmes_dans_les_parlements_nationaux	29.8%	0.404
Australie	2007	Part_des_sièges_occupés_par_des_femmes_dans_les_parlements_nationaux	26.7%	0.466
Hongrie	2013	Part_des_sièges_occupés_par_des_femmes_dans_les_parlements_nationaux	8.8%	0.824
Grèce	2009	Part_des_sièges_occupés_par_des_femmes_dans_les_parlements_nationaux	17.3%	0.654
Belgique	2014	Part_des_sièges_occupés_par_des_femmes_dans_les_parlements_nationaux	39.3%	0.214
Portugal	2012	Part_des_sièges_occupés_par_des_femmes_dans_les_parlements_nationaux	28.7%	0.426
Italie	2010	Part_des_sièges_occupés_par_des_femmes_dans_les_parlements_nationaux	21.3%	0.574
Grèce	2011	Part_des_sièges_occupés_par_des_femmes_dans_les_parlements_nationaux	18.7%	0.626
Canada	2005	Part_des_sièges_occupés_par_des_femmes_dans_les_parlements_nationaux	21.1%	0.578
République_slovaque	2008	Part_des_sièges_occupés_par_des_femmes_dans_les_parlements_nationaux	19.3%	0.614
Brésil	2009	Part_des_sièges_occupés_par_des_femmes_dans_les_parlements_nationaux	8.8%	0.824
République_tchèque	2005	Part_des_sièges_occupés_par_des_femmes_dans_les_parlements_nationaux	17.0%	0.66
Norvège	2013	Part_des_sièges_occupés_par_des_femmes_dans_les_parlements_nationaux	39.6%	0.208
Lituanie	2014	Part_des_sièges_occupés_par_des_femmes_dans_les_parlements_nationaux	24.1%	0.518
Grèce	2000	Part_des_sièges_occupés_par_des_femmes_dans_les_parlements_nationaux	8.7%	0.826
Turquie	2005	Part_des_sièges_occupés_par_des_femmes_dans_les_parlements_nationaux	4.4%	0.912
Allemagne	2008	Part_des_sièges_occupés_par_des_femmes_dans_les_parlements_nationaux	32.2%	0.356
Islande	2004	Part_des_sièges_occupés_par_des_femmes_dans_les_parlements_nationaux	30.2%	0.396
Hongrie	2015	Part_des_sièges_occupés_par_des_femmes_dans_les_parlements_nationaux	10.1%	0.798
Finlande	2008	Part_des_sièges_occupés_par_des_femmes_dans_les_parlements_nationaux	41.5%	0.17
Suisse	2011	Part_des_sièges_occupés_par_des_femmes_dans_les_parlements_nationaux	28.5%	0.43
Royaume-Uni	2006	Part_des_sièges_occupés_par_des_femmes_dans_les_parlements_nationaux	19.7%	0.606
Chili	2006	Part_des_sièges_occupés_par_des_femmes_dans_les_parlements_nationaux	15.0%	0.7
Nouvelle-Zélande	2014	Part_des_sièges_occupés_par_des_femmes_dans_les_parlements_nationaux	29.8%	0.404
Italie	2014	Part_des_sièges_occupés_par_des_femmes_dans_les_parlements_nationaux	31.4%	0.372
Pologne	2002	Part_des_sièges_occupés_par_des_femmes_dans_les_parlements_nationaux	20.2%	0.596
France	2010	Part_des_sièges_occupés_par_des_femmes_dans_les_parlements_nationaux	18.9%	0.622
Lituanie	2007	Part_des_sièges_occupés_par_des_femmes_dans_les_parlements_nationaux	22.7%	0.546
Pologne	2001	Part_des_sièges_occupés_par_des_femmes_dans_les_parlements_nationaux	20.2%	0.596
Chine_(République_populaire_de)	2002	Part_des_sièges_occupés_par_des_femmes_dans_les_parlements_nationaux	21.8%	0.564
Estonie	2003	Part_des_sièges_occupés_par_des_femmes_dans_les_parlements_nationaux	18.8%	0.624
Afrique_du_Sud	2004	Part_des_sièges_occupés_par_des_femmes_dans_les_parlements_nationaux	32.8%	0.344
Royaume-Uni	2010	Part_des_sièges_occupés_par_des_femmes_dans_les_parlements_nationaux	22.0%	0.56
Portugal	2014	Part_des_sièges_occupés_par_des_femmes_dans_les_parlements_nationaux	31.3%	0.374
Brésil	2011	Part_des_sièges_occupés_par_des_femmes_dans_les_parlements_nationaux	8.6%	0.828
Irlande	2001	Part_des_sièges_occupés_par_des_femmes_dans_les_parlements_nationaux	12.0%	0.76
Belgique	2002	Part_des_sièges_occupés_par_des_femmes_dans_les_parlements_nationaux	23.3%	0.534
Afrique_du_Sud	2013	Part_des_sièges_occupés_par_des_femmes_dans_les_parlements_nationaux	42.3%	0.154
Suède	2015	Part_des_sièges_occupés_par_des_femmes_dans_les_parlements_nationaux	43.6%	0.128
Danemark	2003	Part_des_sièges_occupés_par_des_femmes_dans_les_parlements_nationaux	38.0%	0.24
Turquie	2008	Part_des_sièges_occupés_par_des_femmes_dans_les_parlements_nationaux	9.1%	0.818
Danemark	2007	Part_des_sièges_occupés_par_des_femmes_dans_les_parlements_nationaux	38.0%	0.24
Danemark	2012	Part_des_sièges_occupés_par_des_femmes_dans_les_parlements_nationaux	39.1%	0.218
Grèce	2007	Part_des_sièges_occupés_par_des_femmes_dans_les_parlements_nationaux	14.7%	0.706
Costa_Rica	2005	Part_des_sièges_occupés_par_des_femmes_dans_les_parlements_nationaux	35.1%	0.298
Portugal	2005	Part_des_sièges_occupés_par_des_femmes_dans_les_parlements_nationaux	21.3%	0.574
Lituanie	2008	Part_des_sièges_occupés_par_des_femmes_dans_les_parlements_nationaux	17.7%	0.646
États-Unis	2002	Part_des_sièges_occupés_par_des_femmes_dans_les_parlements_nationaux	13.8%	0.724
République_tchèque	2012	Part_des_sièges_occupés_par_des_femmes_dans_les_parlements_nationaux	22.0%	0.56
Chili	2001	Part_des_sièges_occupés_par_des_femmes_dans_les_parlements_nationaux	10.8%	0.784
Grèce	2004	Part_des_sièges_occupés_par_des_femmes_dans_les_parlements_nationaux	14.0%	0.72
Russie	2013	Part_des_sièges_occupés_par_des_femmes_dans_les_parlements_nationaux	13.6%	0.728
Allemagne	2004	Part_des_sièges_occupés_par_des_femmes_dans_les_parlements_nationaux	32.8%	0.344
Nouvelle-Zélande	2002	Part_des_sièges_occupés_par_des_femmes_dans_les_parlements_nationaux	29.2%	0.416
Australie	2015	Part_des_sièges_occupés_par_des_femmes_dans_les_parlements_nationaux	26.7%	0.466
Israël	2007	Part_des_sièges_occupés_par_des_femmes_dans_les_parlements_nationaux	14.2%	0.716
Hongrie	2000	Part_des_sièges_occupés_par_des_femmes_dans_les_parlements_nationaux	8.3%	0.834
Suède	2011	Part_des_sièges_occupés_par_des_femmes_dans_les_parlements_nationaux	44.7%	0.106
Australie	2004	Part_des_sièges_occupés_par_des_femmes_dans_les_parlements_nationaux	24.7%	0.506
Slovénie	2002	Part_des_sièges_occupés_par_des_femmes_dans_les_parlements_nationaux	12.2%	0.756
Indonésie	2007	Part_des_sièges_occupés_par_des_femmes_dans_les_parlements_nationaux	11.6%	0.768
Portugal	2009	Part_des_sièges_occupés_par_des_femmes_dans_les_parlements_nationaux	27.4%	0.452
Pays-Bas	2014	Part_des_sièges_occupés_par_des_femmes_dans_les_parlements_nationaux	38.7%	0.226
Islande	2015	Part_des_sièges_occupés_par_des_femmes_dans_les_parlements_nationaux	41.3%	0.174
Chine_(République_populaire_de)	2010	Part_des_sièges_occupés_par_des_femmes_dans_les_parlements_nationaux	21.3%	0.574
Brésil	2000	Part_des_sièges_occupés_par_des_femmes_dans_les_parlements_nationaux	5.7%	0.886
Danemark	2011	Part_des_sièges_occupés_par_des_femmes_dans_les_parlements_nationaux	39.1%	0.218
Islande	2010	Part_des_sièges_occupés_par_des_femmes_dans_les_parlements_nationaux	42.9%	0.142
Estonie	2005	Part_des_sièges_occupés_par_des_femmes_dans_les_parlements_nationaux	18.8%	0.624
Islande	2009	Part_des_sièges_occupés_par_des_femmes_dans_les_parlements_nationaux	42.9%	0.142
Australie	2012	Part_des_sièges_occupés_par_des_femmes_dans_les_parlements_nationaux	24.7%	0.506
Espagne	2012	Part_des_sièges_occupés_par_des_femmes_dans_les_parlements_nationaux	36.0%	0.28
Italie	2001	Part_des_sièges_occupés_par_des_femmes_dans_les_parlements_nationaux	9.8%	0.804
Luxembourg	2007	Part_des_sièges_occupés_par_des_femmes_dans_les_parlements_nationaux	23.3%	0.534
Moyenne_OCDE	2012	Part_des_sièges_occupés_par_des_femmes_dans_les_parlements_nationaux	26.4%	0.472
République_slovaque	2005	Part_des_sièges_occupés_par_des_femmes_dans_les_parlements_nationaux	16.7%	0.666
Afrique_du_Sud	2002	Part_des_sièges_occupés_par_des_femmes_dans_les_parlements_nationaux	29.8%	0.404
Norvège	2015	Part_des_sièges_occupés_par_des_femmes_dans_les_parlements_nationaux	39.6%	0.208
Allemagne	2002	Part_des_sièges_occupés_par_des_femmes_dans_les_parlements_nationaux	32.2%	0.356
Espagne	2015	Part_des_sièges_occupés_par_des_femmes_dans_les_parlements_nationaux	41.1%	0.178
Espagne	2013	Part_des_sièges_occupés_par_des_femmes_dans_les_parlements_nationaux	36.0%	0.28
République_tchèque	2004	Part_des_sièges_occupés_par_des_femmes_dans_les_parlements_nationaux	17.0%	0.66
Inde	2005	Part_des_sièges_occupés_par_des_femmes_dans_les_parlements_nationaux	8.3%	0.834
Canada	2006	Part_des_sièges_occupés_par_des_femmes_dans_les_parlements_nationaux	20.8%	0.584
Turquie	2012	Part_des_sièges_occupés_par_des_femmes_dans_les_parlements_nationaux	14.2%	0.716
Estonie	2008	Part_des_sièges_occupés_par_des_femmes_dans_les_parlements_nationaux	20.8%	0.584
Suisse	2008	Part_des_sièges_occupés_par_des_femmes_dans_les_parlements_nationaux	28.5%	0.43
Lettonie	2003	Part_des_sièges_occupés_par_des_femmes_dans_les_parlements_nationaux	21.0%	0.58
France	2013	Part_des_sièges_occupés_par_des_femmes_dans_les_parlements_nationaux	26.9%	0.462
Colombie	2002	Part_des_sièges_occupés_par_des_femmes_dans_les_parlements_nationaux	12.0%	0.76
Brésil	2006	Part_des_sièges_occupés_par_des_femmes_dans_les_parlements_nationaux	8.8%	0.824
Israël	2005	Part_des_sièges_occupés_par_des_femmes_dans_les_parlements_nationaux	15.0%	0.7
Inde	2010	Part_des_sièges_occupés_par_des_femmes_dans_les_parlements_nationaux	10.8%	0.784
Autriche	2004	Part_des_sièges_occupés_par_des_femmes_dans_les_parlements_nationaux	33.9%	0.322
Pologne	2015	Part_des_sièges_occupés_par_des_femmes_dans_les_parlements_nationaux	27.4%	0.452
République_slovaque	2006	Part_des_sièges_occupés_par_des_femmes_dans_les_parlements_nationaux	20.0%	0.6
Danemark	2005	Part_des_sièges_occupés_par_des_femmes_dans_les_parlements_nationaux	36.9%	0.262
Finlande	2010	Part_des_sièges_occupés_par_des_femmes_dans_les_parlements_nationaux	40.0%	0.2
Chili	2004	Part_des_sièges_occupés_par_des_femmes_dans_les_parlements_nationaux	12.5%	0.75
France	2002	Part_des_sièges_occupés_par_des_femmes_dans_les_parlements_nationaux	12.1%	0.758
Suisse	2007	Part_des_sièges_occupés_par_des_femmes_dans_les_parlements_nationaux	28.5%	0.43
Suisse	2006	Part_des_sièges_occupés_par_des_femmes_dans_les_parlements_nationaux	25.0%	0.5
Russie	2012	Part_des_sièges_occupés_par_des_femmes_dans_les_parlements_nationaux	13.6%	0.728
Turquie	2004	Part_des_sièges_occupés_par_des_femmes_dans_les_parlements_nationaux	4.4%	0.912
République_tchèque	2011	Part_des_sièges_occupés_par_des_femmes_dans_les_parlements_nationaux	22.0%	0.56
Suisse	2015	Part_des_sièges_occupés_par_des_femmes_dans_les_parlements_nationaux	32.0%	0.36
Pays-Bas	2009	Part_des_sièges_occupés_par_des_femmes_dans_les_parlements_nationaux	42.0%	0.16
Estonie	2006	Part_des_sièges_occupés_par_des_femmes_dans_les_parlements_nationaux	18.8%	0.624
Lettonie	2000	Part_des_sièges_occupés_par_des_femmes_dans_les_parlements_nationaux	17.0%	0.66
Japon	2009	Part_des_sièges_occupés_par_des_femmes_dans_les_parlements_nationaux	11.3%	0.774
Luxembourg	2012	Part_des_sièges_occupés_par_des_femmes_dans_les_parlements_nationaux	21.7%	0.566
Canada	2014	Part_des_sièges_occupés_par_des_femmes_dans_les_parlements_nationaux	25.1%	0.498
Costa_Rica	2007	Part_des_sièges_occupés_par_des_femmes_dans_les_parlements_nationaux	36.8%	0.264
Moyenne_OCDE	2013	Part_des_sièges_occupés_par_des_femmes_dans_les_parlements_nationaux	27.3%	0.454
Chili	2010	Part_des_sièges_occupés_par_des_femmes_dans_les_parlements_nationaux	14.2%	0.716
Indonésie	2015	Part_des_sièges_occupés_par_des_femmes_dans_les_parlements_nationaux	17.1%	0.658
Indonésie	2014	Part_des_sièges_occupés_par_des_femmes_dans_les_parlements_nationaux	16.9%	0.662
Brésil	2010	Part_des_sièges_occupés_par_des_femmes_dans_les_parlements_nationaux	8.6%	0.828
Espagne	2009	Part_des_sièges_occupés_par_des_femmes_dans_les_parlements_nationaux	36.6%	0.268
Turquie	2006	Part_des_sièges_occupés_par_des_femmes_dans_les_parlements_nationaux	4.4%	0.912
Danemark	2013	Part_des_sièges_occupés_par_des_femmes_dans_les_parlements_nationaux	39.1%	0.218
Inde	2009	Part_des_sièges_occupés_par_des_femmes_dans_les_parlements_nationaux	10.8%	0.784
Norvège	2004	Part_des_sièges_occupés_par_des_femmes_dans_les_parlements_nationaux	38.2%	0.236
Indonésie	2013	Part_des_sièges_occupés_par_des_femmes_dans_les_parlements_nationaux	18.6%	0.628
Colombie	2008	Part_des_sièges_occupés_par_des_femmes_dans_les_parlements_nationaux	8.4%	0.832
Royaume-Uni	2000	Part_des_sièges_occupés_par_des_femmes_dans_les_parlements_nationaux	18.4%	0.632
Lituanie	2005	Part_des_sièges_occupés_par_des_femmes_dans_les_parlements_nationaux	22.0%	0.56
Islande	2001	Part_des_sièges_occupés_par_des_femmes_dans_les_parlements_nationaux	34.9%	0.302
Pays-Bas	2003	Part_des_sièges_occupés_par_des_femmes_dans_les_parlements_nationaux	36.7%	0.266
Nouvelle-Zélande	2009	Part_des_sièges_occupés_par_des_femmes_dans_les_parlements_nationaux	33.6%	0.328
Chili	2005	Part_des_sièges_occupés_par_des_femmes_dans_les_parlements_nationaux	15.0%	0.7
Corée	2010	Part_des_sièges_occupés_par_des_femmes_dans_les_parlements_nationaux	14.7%	0.706
Luxembourg	2009	Part_des_sièges_occupés_par_des_femmes_dans_les_parlements_nationaux	20.0%	0.6
Islande	2012	Part_des_sièges_occupés_par_des_femmes_dans_les_parlements_nationaux	39.7%	0.206
Turquie	2013	Part_des_sièges_occupés_par_des_femmes_dans_les_parlements_nationaux	14.4%	0.712
Royaume-Uni	2014	Part_des_sièges_occupés_par_des_femmes_dans_les_parlements_nationaux	22.6%	0.548
États-Unis	2007	Part_des_sièges_occupés_par_des_femmes_dans_les_parlements_nationaux	16.8%	0.664
Allemagne	2013	Part_des_sièges_occupés_par_des_femmes_dans_les_parlements_nationaux	36.5%	0.27
Inde	2014	Part_des_sièges_occupés_par_des_femmes_dans_les_parlements_nationaux	11.4%	0.772
Pologne	2007	Part_des_sièges_occupés_par_des_femmes_dans_les_parlements_nationaux	20.4%	0.592
Israël	2001	Part_des_sièges_occupés_par_des_femmes_dans_les_parlements_nationaux	13.3%	0.734
Moyenne_OCDE	2002	Part_des_sièges_occupés_par_des_femmes_dans_les_parlements_nationaux	20.8%	0.584
Espagne	2010	Part_des_sièges_occupés_par_des_femmes_dans_les_parlements_nationaux	36.6%	0.268
Russie	2015	Part_des_sièges_occupés_par_des_femmes_dans_les_parlements_nationaux	13.6%	0.728
Suisse	2005	Part_des_sièges_occupés_par_des_femmes_dans_les_parlements_nationaux	25.0%	0.5
France	2014	Part_des_sièges_occupés_par_des_femmes_dans_les_parlements_nationaux	26.2%	0.476
Japon	2002	Part_des_sièges_occupés_par_des_femmes_dans_les_parlements_nationaux	7.3%	0.854
Moyenne_OCDE	2007	Part_des_sièges_occupés_par_des_femmes_dans_les_parlements_nationaux	23.9%	0.522
Estonie	2015	Part_des_sièges_occupés_par_des_femmes_dans_les_parlements_nationaux	23.8%	0.524
Finlande	2002	Part_des_sièges_occupés_par_des_femmes_dans_les_parlements_nationaux	36.5%	0.27
Brésil	2014	Part_des_sièges_occupés_par_des_femmes_dans_les_parlements_nationaux	9.9%	0.802
Mexique	2010	Part_des_sièges_occupés_par_des_femmes_dans_les_parlements_nationaux	26.2%	0.476
Pologne	2014	Part_des_sièges_occupés_par_des_femmes_dans_les_parlements_nationaux	24.3%	0.514
République_tchèque	2002	Part_des_sièges_occupés_par_des_femmes_dans_les_parlements_nationaux	17.0%	0.66
Belgique	2008	Part_des_sièges_occupés_par_des_femmes_dans_les_parlements_nationaux	35.3%	0.294
Italie	2013	Part_des_sièges_occupés_par_des_femmes_dans_les_parlements_nationaux	31.4%	0.372
États-Unis	2004	Part_des_sièges_occupés_par_des_femmes_dans_les_parlements_nationaux	14.9%	0.702
Costa_Rica	2003	Part_des_sièges_occupés_par_des_femmes_dans_les_parlements_nationaux	35.1%	0.298
Portugal	2011	Part_des_sièges_occupés_par_des_femmes_dans_les_parlements_nationaux	28.7%	0.426
Indonésie	2000	Part_des_sièges_occupés_par_des_femmes_dans_les_parlements_nationaux	8.0%	0.84
Italie	2011	Part_des_sièges_occupés_par_des_femmes_dans_les_parlements_nationaux	21.6%	0.568
Russie	2003	Part_des_sièges_occupés_par_des_femmes_dans_les_parlements_nationaux	7.6%	0.848
Norvège	2009	Part_des_sièges_occupés_par_des_femmes_dans_les_parlements_nationaux	39.6%	0.208
République_tchèque	2009	Part_des_sièges_occupés_par_des_femmes_dans_les_parlements_nationaux	15.5%	0.69
Suède	2001	Part_des_sièges_occupés_par_des_femmes_dans_les_parlements_nationaux	42.7%	0.146
République_tchèque	2001	Part_des_sièges_occupés_par_des_femmes_dans_les_parlements_nationaux	15.0%	0.7
Corée	2001	Part_des_sièges_occupés_par_des_femmes_dans_les_parlements_nationaux	5.9%	0.882
Indonésie	2001	Part_des_sièges_occupés_par_des_femmes_dans_les_parlements_nationaux	8.0%	0.84
Corée	2005	Part_des_sièges_occupés_par_des_femmes_dans_les_parlements_nationaux	13.4%	0.732
Espagne	2008	Part_des_sièges_occupés_par_des_femmes_dans_les_parlements_nationaux	36.3%	0.274
Suisse	2003	Part_des_sièges_occupés_par_des_femmes_dans_les_parlements_nationaux	25.0%	0.5
République_slovaque	2009	Part_des_sièges_occupés_par_des_femmes_dans_les_parlements_nationaux	18.0%	0.64
Belgique	2000	Part_des_sièges_occupés_par_des_femmes_dans_les_parlements_nationaux	23.3%	0.534
République_tchèque	2003	Part_des_sièges_occupés_par_des_femmes_dans_les_parlements_nationaux	17.0%	0.66
Autriche	2007	Part_des_sièges_occupés_par_des_femmes_dans_les_parlements_nationaux	32.8%	0.344
Luxembourg	2005	Part_des_sièges_occupés_par_des_femmes_dans_les_parlements_nationaux	23.3%	0.534
Israël	2009	Part_des_sièges_occupés_par_des_femmes_dans_les_parlements_nationaux	18.3%	0.634
Israël	2014	Part_des_sièges_occupés_par_des_femmes_dans_les_parlements_nationaux	22.5%	0.55
Royaume-Uni	2001	Part_des_sièges_occupés_par_des_femmes_dans_les_parlements_nationaux	17.9%	0.642
Inde	2008	Part_des_sièges_occupés_par_des_femmes_dans_les_parlements_nationaux	9.1%	0.818
Moyenne_OCDE	2004	Part_des_sièges_occupés_par_des_femmes_dans_les_parlements_nationaux	22.2%	0.556
Irlande	2000	Part_des_sièges_occupés_par_des_femmes_dans_les_parlements_nationaux	12.0%	0.76
Chine_(République_populaire_de)	2005	Part_des_sièges_occupés_par_des_femmes_dans_les_parlements_nationaux	20.3%	0.594
Moyenne_OCDE	2001	Part_des_sièges_occupés_par_des_femmes_dans_les_parlements_nationaux	19.4%	0.612
Pologne	2013	Part_des_sièges_occupés_par_des_femmes_dans_les_parlements_nationaux	23.7%	0.526
Pays-Bas	2000	Part_des_sièges_occupés_par_des_femmes_dans_les_parlements_nationaux	36.0%	0.28
Turquie	2011	Part_des_sièges_occupés_par_des_femmes_dans_les_parlements_nationaux	14.2%	0.716
Finlande	2004	Part_des_sièges_occupés_par_des_femmes_dans_les_parlements_nationaux	37.5%	0.25
Irlande	2004	Part_des_sièges_occupés_par_des_femmes_dans_les_parlements_nationaux	13.3%	0.734
Canada	2008	Part_des_sièges_occupés_par_des_femmes_dans_les_parlements_nationaux	22.1%	0.558
Corée	2007	Part_des_sièges_occupés_par_des_femmes_dans_les_parlements_nationaux	14.4%	0.712
Luxembourg	2003	Part_des_sièges_occupés_par_des_femmes_dans_les_parlements_nationaux	16.7%	0.666
Lettonie	2004	Part_des_sièges_occupés_par_des_femmes_dans_les_parlements_nationaux	21.0%	0.58
Hongrie	2006	Part_des_sièges_occupés_par_des_femmes_dans_les_parlements_nationaux	10.4%	0.792
Russie	2014	Part_des_sièges_occupés_par_des_femmes_dans_les_parlements_nationaux	13.6%	0.728
Suède	2005	Part_des_sièges_occupés_par_des_femmes_dans_les_parlements_nationaux	45.3%	0.094
Irlande	2011	Part_des_sièges_occupés_par_des_femmes_dans_les_parlements_nationaux	15.1%	0.698
France	2000	Part_des_sièges_occupés_par_des_femmes_dans_les_parlements_nationaux	10.9%	0.782
Israël	2015	Part_des_sièges_occupés_par_des_femmes_dans_les_parlements_nationaux	26.7%	0.466
Russie	2007	Part_des_sièges_occupés_par_des_femmes_dans_les_parlements_nationaux	14.0%	0.72
Hongrie	2011	Part_des_sièges_occupés_par_des_femmes_dans_les_parlements_nationaux	8.8%	0.824
Irlande	2012	Part_des_sièges_occupés_par_des_femmes_dans_les_parlements_nationaux	15.1%	0.698
Israël	2011	Part_des_sièges_occupés_par_des_femmes_dans_les_parlements_nationaux	20.0%	0.6
Pays-Bas	2010	Part_des_sièges_occupés_par_des_femmes_dans_les_parlements_nationaux	40.7%	0.186
Irlande	2009	Part_des_sièges_occupés_par_des_femmes_dans_les_parlements_nationaux	13.9%	0.722
Italie	2000	Part_des_sièges_occupés_par_des_femmes_dans_les_parlements_nationaux	11.1%	0.778
Costa_Rica	2011	Part_des_sièges_occupés_par_des_femmes_dans_les_parlements_nationaux	38.6%	0.228
Russie	2009	Part_des_sièges_occupés_par_des_femmes_dans_les_parlements_nationaux	14.0%	0.72
Allemagne	2007	Part_des_sièges_occupés_par_des_femmes_dans_les_parlements_nationaux	31.6%	0.368
Brésil	2007	Part_des_sièges_occupés_par_des_femmes_dans_les_parlements_nationaux	9.0%	0.82
Espagne	2003	Part_des_sièges_occupés_par_des_femmes_dans_les_parlements_nationaux	28.3%	0.434
Colombie	2006	Part_des_sièges_occupés_par_des_femmes_dans_les_parlements_nationaux	8.4%	0.832
Estonie	2014	Part_des_sièges_occupés_par_des_femmes_dans_les_parlements_nationaux	19.0%	0.62
Afrique_du_Sud	2007	Part_des_sièges_occupés_par_des_femmes_dans_les_parlements_nationaux	33.0%	0.34
Norvège	2007	Part_des_sièges_occupés_par_des_femmes_dans_les_parlements_nationaux	36.1%	0.278
Russie	2010	Part_des_sièges_occupés_par_des_femmes_dans_les_parlements_nationaux	14.0%	0.72
Royaume-Uni	2003	Part_des_sièges_occupés_par_des_femmes_dans_les_parlements_nationaux	17.9%	0.642
Mexique	2013	Part_des_sièges_occupés_par_des_femmes_dans_les_parlements_nationaux	36.8%	0.264
États-Unis	2013	Part_des_sièges_occupés_par_des_femmes_dans_les_parlements_nationaux	17.8%	0.644
Danemark	2015	Part_des_sièges_occupés_par_des_femmes_dans_les_parlements_nationaux	37.4%	0.252
Lituanie	2002	Part_des_sièges_occupés_par_des_femmes_dans_les_parlements_nationaux	10.6%	0.788
Israël	2002	Part_des_sièges_occupés_par_des_femmes_dans_les_parlements_nationaux	14.2%	0.716
Japon	2004	Part_des_sièges_occupés_par_des_femmes_dans_les_parlements_nationaux	7.1%	0.858
Luxembourg	2000	Part_des_sièges_occupés_par_des_femmes_dans_les_parlements_nationaux	16.7%	0.666
Estonie	2009	Part_des_sièges_occupés_par_des_femmes_dans_les_parlements_nationaux	22.8%	0.544
Suède	2006	Part_des_sièges_occupés_par_des_femmes_dans_les_parlements_nationaux	47.3%	0.054
Hongrie	2002	Part_des_sièges_occupés_par_des_femmes_dans_les_parlements_nationaux	9.1%	0.818
Moyenne_OCDE	2008	Part_des_sièges_occupés_par_des_femmes_dans_les_parlements_nationaux	24.0%	0.52
Norvège	2005	Part_des_sièges_occupés_par_des_femmes_dans_les_parlements_nationaux	37.9%	0.242
République_slovaque	2010	Part_des_sièges_occupés_par_des_femmes_dans_les_parlements_nationaux	15.3%	0.694
Lituanie	2000	Part_des_sièges_occupés_par_des_femmes_dans_les_parlements_nationaux	10.6%	0.788
Luxembourg	2010	Part_des_sièges_occupés_par_des_femmes_dans_les_parlements_nationaux	20.0%	0.6
Japon	2013	Part_des_sièges_occupés_par_des_femmes_dans_les_parlements_nationaux	8.1%	0.838
Chine_(République_populaire_de)	2004	Part_des_sièges_occupés_par_des_femmes_dans_les_parlements_nationaux	20.2%	0.596
Grèce	2002	Part_des_sièges_occupés_par_des_femmes_dans_les_parlements_nationaux	8.7%	0.826
Norvège	2010	Part_des_sièges_occupés_par_des_femmes_dans_les_parlements_nationaux	39.6%	0.208
Royaume-Uni	2013	Part_des_sièges_occupés_par_des_femmes_dans_les_parlements_nationaux	22.5%	0.55
Suède	2014	Part_des_sièges_occupés_par_des_femmes_dans_les_parlements_nationaux	44.7%	0.106
Pologne	2006	Part_des_sièges_occupés_par_des_femmes_dans_les_parlements_nationaux	20.4%	0.592
Israël	2008	Part_des_sièges_occupés_par_des_femmes_dans_les_parlements_nationaux	14.2%	0.716
Nouvelle-Zélande	2013	Part_des_sièges_occupés_par_des_femmes_dans_les_parlements_nationaux	32.2%	0.356
Australie	2009	Part_des_sièges_occupés_par_des_femmes_dans_les_parlements_nationaux	27.3%	0.454
Pays-Bas	2011	Part_des_sièges_occupés_par_des_femmes_dans_les_parlements_nationaux	40.7%	0.186
Russie	2000	Part_des_sièges_occupés_par_des_femmes_dans_les_parlements_nationaux	7.7%	0.846
Danemark	2002	Part_des_sièges_occupés_par_des_femmes_dans_les_parlements_nationaux	38.0%	0.24
Costa_Rica	2000	Part_des_sièges_occupés_par_des_femmes_dans_les_parlements_nationaux	19.3%	0.614
Afrique_du_Sud	2008	Part_des_sièges_occupés_par_des_femmes_dans_les_parlements_nationaux	33.0%	0.34
Luxembourg	2014	Part_des_sièges_occupés_par_des_femmes_dans_les_parlements_nationaux	28.3%	0.434
Danemark	2000	Part_des_sièges_occupés_par_des_femmes_dans_les_parlements_nationaux	37.4%	0.252
Norvège	2008	Part_des_sièges_occupés_par_des_femmes_dans_les_parlements_nationaux	36.1%	0.278
Allemagne	2000	Part_des_sièges_occupés_par_des_femmes_dans_les_parlements_nationaux	30.9%	0.382
Irlande	2008	Part_des_sièges_occupés_par_des_femmes_dans_les_parlements_nationaux	13.3%	0.734
Norvège	2006	Part_des_sièges_occupés_par_des_femmes_dans_les_parlements_nationaux	37.9%	0.242
Islande	2005	Part_des_sièges_occupés_par_des_femmes_dans_les_parlements_nationaux	33.3%	0.334
Portugal	2004	Part_des_sièges_occupés_par_des_femmes_dans_les_parlements_nationaux	19.1%	0.618
Luxembourg	2011	Part_des_sièges_occupés_par_des_femmes_dans_les_parlements_nationaux	25.0%	0.5
Canada	2007	Part_des_sièges_occupés_par_des_femmes_dans_les_parlements_nationaux	21.3%	0.574
Luxembourg	2001	Part_des_sièges_occupés_par_des_femmes_dans_les_parlements_nationaux	16.7%	0.666
Indonésie	2009	Part_des_sièges_occupés_par_des_femmes_dans_les_parlements_nationaux	17.9%	0.642
Nouvelle-Zélande	2004	Part_des_sièges_occupés_par_des_femmes_dans_les_parlements_nationaux	28.3%	0.434
Mexique	2000	Part_des_sièges_occupés_par_des_femmes_dans_les_parlements_nationaux	16.0%	0.68
Irlande	2003	Part_des_sièges_occupés_par_des_femmes_dans_les_parlements_nationaux	13.3%	0.734
Costa_Rica	2001	Part_des_sièges_occupés_par_des_femmes_dans_les_parlements_nationaux	19.3%	0.614
Mexique	2001	Part_des_sièges_occupés_par_des_femmes_dans_les_parlements_nationaux	16.0%	0.68
Lettonie	2010	Part_des_sièges_occupés_par_des_femmes_dans_les_parlements_nationaux	20.0%	0.6
Canada	2013	Part_des_sièges_occupés_par_des_femmes_dans_les_parlements_nationaux	24.7%	0.506
Colombie	2013	Part_des_sièges_occupés_par_des_femmes_dans_les_parlements_nationaux	12.1%	0.758
Autriche	2015	Part_des_sièges_occupés_par_des_femmes_dans_les_parlements_nationaux	30.6%	0.388
Russie	2002	Part_des_sièges_occupés_par_des_femmes_dans_les_parlements_nationaux	7.6%	0.848
République_slovaque	2015	Part_des_sièges_occupés_par_des_femmes_dans_les_parlements_nationaux	18.7%	0.626
Mexique	2009	Part_des_sièges_occupés_par_des_femmes_dans_les_parlements_nationaux	27.6%	0.448
Lettonie	2012	Part_des_sièges_occupés_par_des_femmes_dans_les_parlements_nationaux	23.0%	0.54
Moyenne_OCDE	2009	Part_des_sièges_occupés_par_des_femmes_dans_les_parlements_nationaux	24.9%	0.502
Corée	2011	Part_des_sièges_occupés_par_des_femmes_dans_les_parlements_nationaux	14.7%	0.706
Inde	2013	Part_des_sièges_occupés_par_des_femmes_dans_les_parlements_nationaux	11.0%	0.78
Chine_(République_populaire_de)	2013	Part_des_sièges_occupés_par_des_femmes_dans_les_parlements_nationaux	23.4%	0.532
Luxembourg	2004	Part_des_sièges_occupés_par_des_femmes_dans_les_parlements_nationaux	23.3%	0.534
Finlande	2005	Part_des_sièges_occupés_par_des_femmes_dans_les_parlements_nationaux	37.5%	0.25
Portugal	2010	Part_des_sièges_occupés_par_des_femmes_dans_les_parlements_nationaux	27.4%	0.452
Islande	2002	Part_des_sièges_occupés_par_des_femmes_dans_les_parlements_nationaux	34.9%	0.302
Chine_(République_populaire_de)	2003	Part_des_sièges_occupés_par_des_femmes_dans_les_parlements_nationaux	20.2%	0.596
Luxembourg	2008	Part_des_sièges_occupés_par_des_femmes_dans_les_parlements_nationaux	23.3%	0.534
États-Unis	2015	Part_des_sièges_occupés_par_des_femmes_dans_les_parlements_nationaux	19.4%	0.612
Grèce	2012	Part_des_sièges_occupés_par_des_femmes_dans_les_parlements_nationaux	21.0%	0.58
Allemagne	2011	Part_des_sièges_occupés_par_des_femmes_dans_les_parlements_nationaux	32.9%	0.342
Islande	2013	Part_des_sièges_occupés_par_des_femmes_dans_les_parlements_nationaux	39.7%	0.206
Russie	2006	Part_des_sièges_occupés_par_des_femmes_dans_les_parlements_nationaux	9.8%	0.804
Australie	2008	Part_des_sièges_occupés_par_des_femmes_dans_les_parlements_nationaux	26.7%	0.466
Chili	2003	Part_des_sièges_occupés_par_des_femmes_dans_les_parlements_nationaux	12.5%	0.75
République_tchèque	2014	Part_des_sièges_occupés_par_des_femmes_dans_les_parlements_nationaux	19.5%	0.61
Italie	2004	Part_des_sièges_occupés_par_des_femmes_dans_les_parlements_nationaux	11.5%	0.77
Suisse	2013	Part_des_sièges_occupés_par_des_femmes_dans_les_parlements_nationaux	31.0%	0.38
Finlande	2003	Part_des_sièges_occupés_par_des_femmes_dans_les_parlements_nationaux	37.5%	0.25
Chine_(République_populaire_de)	2001	Part_des_sièges_occupés_par_des_femmes_dans_les_parlements_nationaux	21.8%	0.564
Belgique	2001	Part_des_sièges_occupés_par_des_femmes_dans_les_parlements_nationaux	23.3%	0.534
Lituanie	2004	Part_des_sièges_occupés_par_des_femmes_dans_les_parlements_nationaux	22.0%	0.56
Chili	2007	Part_des_sièges_occupés_par_des_femmes_dans_les_parlements_nationaux	15.0%	0.7
Grèce	2005	Part_des_sièges_occupés_par_des_femmes_dans_les_parlements_nationaux	13.0%	0.74
Corée	2002	Part_des_sièges_occupés_par_des_femmes_dans_les_parlements_nationaux	5.9%	0.882
Colombie	2012	Part_des_sièges_occupés_par_des_femmes_dans_les_parlements_nationaux	12.1%	0.758
Chili	2011	Part_des_sièges_occupés_par_des_femmes_dans_les_parlements_nationaux	14.2%	0.716
Belgique	2013	Part_des_sièges_occupés_par_des_femmes_dans_les_parlements_nationaux	38.0%	0.24
Nouvelle-Zélande	2012	Part_des_sièges_occupés_par_des_femmes_dans_les_parlements_nationaux	32.2%	0.356
Russie	2011	Part_des_sièges_occupés_par_des_femmes_dans_les_parlements_nationaux	13.6%	0.728
Finlande	2000	Part_des_sièges_occupés_par_des_femmes_dans_les_parlements_nationaux	36.5%	0.27
Nouvelle-Zélande	2015	Part_des_sièges_occupés_par_des_femmes_dans_les_parlements_nationaux	31.4%	0.372
Pays-Bas	2002	Part_des_sièges_occupés_par_des_femmes_dans_les_parlements_nationaux	34.0%	0.32
Mexique	2003	Part_des_sièges_occupés_par_des_femmes_dans_les_parlements_nationaux	22.6%	0.548
Inde	2004	Part_des_sièges_occupés_par_des_femmes_dans_les_parlements_nationaux	8.3%	0.834
République_slovaque	2007	Part_des_sièges_occupés_par_des_femmes_dans_les_parlements_nationaux	19.3%	0.614
Mexique	2008	Part_des_sièges_occupés_par_des_femmes_dans_les_parlements_nationaux	23.2%	0.536
États-Unis	2001	Part_des_sièges_occupés_par_des_femmes_dans_les_parlements_nationaux	14.0%	0.72
Lettonie	2015	Part_des_sièges_occupés_par_des_femmes_dans_les_parlements_nationaux	18.0%	0.64
Norvège	2000	Part_des_sièges_occupés_par_des_femmes_dans_les_parlements_nationaux	36.4%	0.272
Pays-Bas	2015	Part_des_sièges_occupés_par_des_femmes_dans_les_parlements_nationaux	37.3%	0.254
Allemagne	2003	Part_des_sièges_occupés_par_des_femmes_dans_les_parlements_nationaux	32.2%	0.356
Hongrie	2003	Part_des_sièges_occupés_par_des_femmes_dans_les_parlements_nationaux	9.8%	0.804
Suisse	2000	Part_des_sièges_occupés_par_des_femmes_dans_les_parlements_nationaux	23.0%	0.54
Danemark	2010	Part_des_sièges_occupés_par_des_femmes_dans_les_parlements_nationaux	38.0%	0.24
République_tchèque	2010	Part_des_sièges_occupés_par_des_femmes_dans_les_parlements_nationaux	22.0%	0.56
Nouvelle-Zélande	2000	Part_des_sièges_occupés_par_des_femmes_dans_les_parlements_nationaux	30.8%	0.384
Japon	2005	Part_des_sièges_occupés_par_des_femmes_dans_les_parlements_nationaux	9.0%	0.82
Portugal	2003	Part_des_sièges_occupés_par_des_femmes_dans_les_parlements_nationaux	19.1%	0.618
Belgique	2011	Part_des_sièges_occupés_par_des_femmes_dans_les_parlements_nationaux	38.0%	0.24
Islande	2000	Part_des_sièges_occupés_par_des_femmes_dans_les_parlements_nationaux	34.9%	0.302
Brésil	2001	Part_des_sièges_occupés_par_des_femmes_dans_les_parlements_nationaux	6.8%	0.864
Indonésie	2012	Part_des_sièges_occupés_par_des_femmes_dans_les_parlements_nationaux	18.6%	0.628
Suisse	2012	Part_des_sièges_occupés_par_des_femmes_dans_les_parlements_nationaux	29.0%	0.42
Japon	2014	Part_des_sièges_occupés_par_des_femmes_dans_les_parlements_nationaux	8.1%	0.838
Chine_(République_populaire_de)	2014	Part_des_sièges_occupés_par_des_femmes_dans_les_parlements_nationaux	23.4%	0.532
Estonie	2002	Part_des_sièges_occupés_par_des_femmes_dans_les_parlements_nationaux	17.8%	0.644
Australie	2011	Part_des_sièges_occupés_par_des_femmes_dans_les_parlements_nationaux	24.7%	0.506
Lettonie	2007	Part_des_sièges_occupés_par_des_femmes_dans_les_parlements_nationaux	20.0%	0.6
Finlande	2007	Part_des_sièges_occupés_par_des_femmes_dans_les_parlements_nationaux	41.5%	0.17
République_slovaque	2004	Part_des_sièges_occupés_par_des_femmes_dans_les_parlements_nationaux	16.7%	0.666
Nouvelle-Zélande	2007	Part_des_sièges_occupés_par_des_femmes_dans_les_parlements_nationaux	33.1%	0.338
Irlande	2007	Part_des_sièges_occupés_par_des_femmes_dans_les_parlements_nationaux	13.3%	0.734
Israël	2003	Part_des_sièges_occupés_par_des_femmes_dans_les_parlements_nationaux	15.0%	0.7
Costa_Rica	2009	Part_des_sièges_occupés_par_des_femmes_dans_les_parlements_nationaux	36.8%	0.264
Grèce	2015	Part_des_sièges_occupés_par_des_femmes_dans_les_parlements_nationaux	19.7%	0.606
Estonie	2011	Part_des_sièges_occupés_par_des_femmes_dans_les_parlements_nationaux	19.8%	0.604
