Afghanistan	2014	Femmes_étudiantes_dans_l’enseignement_secondaire	0.36%	0.28205128205128205
Afrique_du_Sud	2014	Femmes_étudiantes_dans_l’enseignement_secondaire	0.52%	0.04306220095693791
Albanie	2014	Femmes_étudiantes_dans_l’enseignement_secondaire	0.48%	0.03626943005181349
Allemagne	2014	Femmes_étudiantes_dans_l’enseignement_secondaire	0.49%	0.02564102564102566
Antigua-et-Barbuda	2014	Femmes_étudiantes_dans_l’enseignement_secondaire	0.50%	0.004975124378109541
Arabie_Saoudite	2014	Femmes_étudiantes_dans_l’enseignement_secondaire	0.44%	0.12994350282485878
Argentine	2014	Femmes_étudiantes_dans_l’enseignement_secondaire	0.52%	0.033816425120772875
Autriche	2014	Femmes_étudiantes_dans_l’enseignement_secondaire	0.49%	0.020408163265306145
Bahrain	2014	Femmes_étudiantes_dans_l’enseignement_secondaire	0.50%	0.004975124378109541
Barbade	2014	Femmes_étudiantes_dans_l’enseignement_secondaire	0.51%	0.01477832512315258
Belgique	2014	Femmes_étudiantes_dans_l’enseignement_secondaire	0.53%	0.06103286384976525
Bermuda	2014	Femmes_étudiantes_dans_l’enseignement_secondaire	0.53%	0.06542056074766367
Bhoutan	2014	Femmes_étudiantes_dans_l’enseignement_secondaire	0.52%	0.033816425120772875
Birmanie	2014	Femmes_étudiantes_dans_l’enseignement_secondaire	0.51%	0.01477832512315258
Biélorussie	2014	Femmes_étudiantes_dans_l’enseignement_secondaire	0.49%	0.010101010101010055
Bolivie	2014	Femmes_étudiantes_dans_l’enseignement_secondaire	0.50%	0.005025125628140725
Brunéi	2014	Femmes_étudiantes_dans_l’enseignement_secondaire	0.50%	0.0
Brésil	2014	Femmes_étudiantes_dans_l’enseignement_secondaire	0.52%	0.03846153846153855
Bulgarie	2014	Femmes_étudiantes_dans_l’enseignement_secondaire	0.49%	0.015228426395939132
Burkina_Faso	2014	Femmes_étudiantes_dans_l’enseignement_secondaire	0.47%	0.06951871657754016
Burundi	2014	Femmes_étudiantes_dans_l’enseignement_secondaire	0.46%	0.08695652173913038
Bélize	2014	Femmes_étudiantes_dans_l’enseignement_secondaire	0.51%	0.024390243902439046
Bénin	2014	Femmes_étudiantes_dans_l’enseignement_secondaire	0.41%	0.18343195266272194
Cameroun	2014	Femmes_étudiantes_dans_l’enseignement_secondaire	0.46%	0.08108108108108114
Canada	2014	Femmes_étudiantes_dans_l’enseignement_secondaire	0.50%	0.004975124378109541
Cap-Vert	2014	Femmes_étudiantes_dans_l’enseignement_secondaire	0.53%	0.05660377358490565
Chad	2014	Femmes_étudiantes_dans_l’enseignement_secondaire	0.31%	0.3793103448275862
Chili	2014	Femmes_étudiantes_dans_l’enseignement_secondaire	0.50%	0.004975124378109541
Chypre	2014	Femmes_étudiantes_dans_l’enseignement_secondaire	0.50%	0.0
Colombie	2014	Femmes_étudiantes_dans_l’enseignement_secondaire	0.52%	0.03846153846153855
Comores	2014	Femmes_étudiantes_dans_l’enseignement_secondaire	0.52%	0.033816425120772875
Costa_Rica	2014	Femmes_étudiantes_dans_l’enseignement_secondaire	0.51%	0.024390243902439046
Croatie	2014	Femmes_étudiantes_dans_l’enseignement_secondaire	0.51%	0.019607843137254832
Cuba	2014	Femmes_étudiantes_dans_l’enseignement_secondaire	0.51%	0.01477832512315258
Côte_d-**-Ivoire	2014	Femmes_étudiantes_dans_l’enseignement_secondaire	0.41%	0.17647058823529416
Danemark	2014	Femmes_étudiantes_dans_l’enseignement_secondaire	0.51%	0.019607843137254832
Djibouti	2014	Femmes_étudiantes_dans_l’enseignement_secondaire	0.45%	0.10497237569060769
El_Salvador	2014	Femmes_étudiantes_dans_l’enseignement_secondaire	0.50%	0.004975124378109541
Espagne	2014	Femmes_étudiantes_dans_l’enseignement_secondaire	0.50%	0.0
Estonie	2014	Femmes_étudiantes_dans_l’enseignement_secondaire	0.50%	0.0
Eswatini	2014	Femmes_étudiantes_dans_l’enseignement_secondaire	0.50%	0.005025125628140725
Finlande	2014	Femmes_étudiantes_dans_l’enseignement_secondaire	0.52%	0.04761904761904767
France	2014	Femmes_étudiantes_dans_l’enseignement_secondaire	0.50%	0.004975124378109541
Ghana	2014	Femmes_étudiantes_dans_l’enseignement_secondaire	0.48%	0.030927835051546393
Grenade	2014	Femmes_étudiantes_dans_l’enseignement_secondaire	0.50%	0.005025125628140725
Grèce	2014	Femmes_étudiantes_dans_l’enseignement_secondaire	0.48%	0.030927835051546393
Guatemala	2014	Femmes_étudiantes_dans_l’enseignement_secondaire	0.49%	0.02564102564102566
Guinée	2014	Femmes_étudiantes_dans_l’enseignement_secondaire	0.40%	0.20481927710843373
Géorgie	2014	Femmes_étudiantes_dans_l’enseignement_secondaire	0.51%	0.01477832512315258
Honduras	2014	Femmes_étudiantes_dans_l’enseignement_secondaire	0.54%	0.07834101382488479
Hongrie	2014	Femmes_étudiantes_dans_l’enseignement_secondaire	0.50%	0.004975124378109541
Inde	2014	Femmes_étudiantes_dans_l’enseignement_secondaire	0.50%	0.004975124378109541
Indonésie	2014	Femmes_étudiantes_dans_l’enseignement_secondaire	0.50%	0.0
Iran	2014	Femmes_étudiantes_dans_l’enseignement_secondaire	0.50%	0.005025125628140725
Irlande	2014	Femmes_étudiantes_dans_l’enseignement_secondaire	0.50%	0.004975124378109541
Islande	2014	Femmes_étudiantes_dans_l’enseignement_secondaire	0.51%	0.019607843137254832
Israël	2014	Femmes_étudiantes_dans_l’enseignement_secondaire	0.50%	0.00990099009900991
Italie	2014	Femmes_étudiantes_dans_l’enseignement_secondaire	0.49%	0.010101010101010055
Jamaïque	2014	Femmes_étudiantes_dans_l’enseignement_secondaire	0.52%	0.03846153846153855
Japon	2014	Femmes_étudiantes_dans_l’enseignement_secondaire	0.50%	0.004975124378109541
Jordanie	2014	Femmes_étudiantes_dans_l’enseignement_secondaire	0.51%	0.019607843137254832
Kazakhstan	2014	Femmes_étudiantes_dans_l’enseignement_secondaire	0.51%	0.01477832512315258
Kirghizistan	2014	Femmes_étudiantes_dans_l’enseignement_secondaire	0.50%	0.004975124378109541
Koweït	2014	Femmes_étudiantes_dans_l’enseignement_secondaire	0.52%	0.033816425120772875
Laos	2014	Femmes_étudiantes_dans_l’enseignement_secondaire	0.48%	0.04712041884816753
Lesotho	2014	Femmes_étudiantes_dans_l’enseignement_secondaire	0.58%	0.15254237288135597
Lettonie	2014	Femmes_étudiantes_dans_l’enseignement_secondaire	0.49%	0.015228426395939132
Liban	2014	Femmes_étudiantes_dans_l’enseignement_secondaire	0.50%	0.004975124378109541
Libéria	2014	Femmes_étudiantes_dans_l’enseignement_secondaire	0.44%	0.1235955056179775
Liechtenstein	2014	Femmes_étudiantes_dans_l’enseignement_secondaire	0.45%	0.10497237569060769
Lituanie	2014	Femmes_étudiantes_dans_l’enseignement_secondaire	0.49%	0.020408163265306145
Luxembourg	2014	Femmes_étudiantes_dans_l’enseignement_secondaire	0.50%	0.00990099009900991
Madagascar	2014	Femmes_étudiantes_dans_l’enseignement_secondaire	0.49%	0.010101010101010055
Malaisie	2014	Femmes_étudiantes_dans_l’enseignement_secondaire	0.52%	0.03846153846153855
Malawi	2014	Femmes_étudiantes_dans_l’enseignement_secondaire	0.48%	0.04712041884816753
Mali	2014	Femmes_étudiantes_dans_l’enseignement_secondaire	0.43%	0.14942528735632188
Malte	2014	Femmes_étudiantes_dans_l’enseignement_secondaire	0.51%	0.024390243902439046
Maurice	2014	Femmes_étudiantes_dans_l’enseignement_secondaire	0.50%	0.00990099009900991
Mauritanie	2014	Femmes_étudiantes_dans_l’enseignement_secondaire	0.48%	0.04712041884816753
Mexique	2014	Femmes_étudiantes_dans_l’enseignement_secondaire	0.51%	0.029126213592232997
Moldavie	2014	Femmes_étudiantes_dans_l’enseignement_secondaire	0.50%	0.004975124378109541
Mozambique	2014	Femmes_étudiantes_dans_l’enseignement_secondaire	0.48%	0.04712041884816753
Nauru	2014	Femmes_étudiantes_dans_l’enseignement_secondaire	0.51%	0.01477832512315258
Niger	2014	Femmes_étudiantes_dans_l’enseignement_secondaire	0.41%	0.17647058823529416
Niue	2014	Femmes_étudiantes_dans_l’enseignement_secondaire	0.56%	0.11111111111111116
Norvège	2014	Femmes_étudiantes_dans_l’enseignement_secondaire	0.49%	0.015228426395939132
Nouvelle-Zélande	2014	Femmes_étudiantes_dans_l’enseignement_secondaire	0.51%	0.029126213592232997
Népal	2014	Femmes_étudiantes_dans_l’enseignement_secondaire	0.51%	0.029126213592232997
Ouzbékistan	2014	Femmes_étudiantes_dans_l’enseignement_secondaire	0.50%	0.005025125628140725
Pakistan	2014	Femmes_étudiantes_dans_l’enseignement_secondaire	0.44%	0.11731843575418988
Palestine	2014	Femmes_étudiantes_dans_l’enseignement_secondaire	0.52%	0.04761904761904767
Panama	2014	Femmes_étudiantes_dans_l’enseignement_secondaire	0.52%	0.033816425120772875
Pologne	2014	Femmes_étudiantes_dans_l’enseignement_secondaire	0.49%	0.015228426395939132
Porto_Rico	2014	Femmes_étudiantes_dans_l’enseignement_secondaire	0.51%	0.029126213592232997
Portugal	2014	Femmes_étudiantes_dans_l’enseignement_secondaire	0.49%	0.010101010101010055
Pérou	2014	Femmes_étudiantes_dans_l’enseignement_secondaire	0.50%	0.0
Qatar	2014	Femmes_étudiantes_dans_l’enseignement_secondaire	0.58%	0.15966386554621836
Roumanie	2014	Femmes_étudiantes_dans_l’enseignement_secondaire	0.50%	0.005025125628140725
Royaume-Uni	2014	Femmes_étudiantes_dans_l’enseignement_secondaire	0.51%	0.019607843137254832
Russie	2014	Femmes_étudiantes_dans_l’enseignement_secondaire	0.49%	0.010101010101010055
Rwanda	2014	Femmes_étudiantes_dans_l’enseignement_secondaire	0.52%	0.04761904761904767
République_Dominicaine	2014	Femmes_étudiantes_dans_l’enseignement_secondaire	0.53%	0.05213270142180093
République_de_Corée	2014	Femmes_étudiantes_dans_l’enseignement_secondaire	0.50%	0.0
République_démocratique_du_Congo	2014	Femmes_étudiantes_dans_l’enseignement_secondaire	0.38%	0.23456790123456794
Sainte-Lucie	2014	Femmes_étudiantes_dans_l’enseignement_secondaire	0.50%	0.005025125628140725
Samoa	2014	Femmes_étudiantes_dans_l’enseignement_secondaire	0.53%	0.06103286384976525
Sao_Tomé-et-Principe	2014	Femmes_étudiantes_dans_l’enseignement_secondaire	0.52%	0.04761904761904767
Serbie	2014	Femmes_étudiantes_dans_l’enseignement_secondaire	0.50%	0.00990099009900991
Seychelles	2014	Femmes_étudiantes_dans_l’enseignement_secondaire	0.50%	0.0
Seychelles	2014	Femmes_étudiantes_dans_l’enseignement_secondaire	0.51%	0.01477832512315258
Slovaquie	2014	Femmes_étudiantes_dans_l’enseignement_secondaire	0.50%	0.004975124378109541
Slovénie	2014	Femmes_étudiantes_dans_l’enseignement_secondaire	0.50%	0.0
Suisse	2014	Femmes_étudiantes_dans_l’enseignement_secondaire	0.49%	0.015228426395939132
Suriname	2014	Femmes_étudiantes_dans_l’enseignement_secondaire	0.58%	0.1561181434599157
Suède	2014	Femmes_étudiantes_dans_l’enseignement_secondaire	0.53%	0.06542056074766367
Sénégal	2014	Femmes_étudiantes_dans_l’enseignement_secondaire	0.50%	0.0
Thaïlande	2014	Femmes_étudiantes_dans_l’enseignement_secondaire	0.51%	0.024390243902439046
Timor_Oriental	2014	Femmes_étudiantes_dans_l’enseignement_secondaire	0.52%	0.033816425120772875
Tonga	2014	Femmes_étudiantes_dans_l’enseignement_secondaire	0.52%	0.04306220095693791
Turkménistan	2014	Femmes_étudiantes_dans_l’enseignement_secondaire	0.49%	0.020408163265306145
Turquie	2014	Femmes_étudiantes_dans_l’enseignement_secondaire	0.49%	0.015228426395939132
Tuvalu	2014	Femmes_étudiantes_dans_l’enseignement_secondaire	0.55%	0.10313901345291487
Ukraine	2014	Femmes_étudiantes_dans_l’enseignement_secondaire	0.49%	0.010101010101010055
Venezuela	2014	Femmes_étudiantes_dans_l’enseignement_secondaire	0.52%	0.03846153846153855
Égypte	2014	Femmes_étudiantes_dans_l’enseignement_secondaire	0.50%	0.005025125628140725
Équateur	2014	Femmes_étudiantes_dans_l’enseignement_secondaire	0.51%	0.019607843137254832
Érythrée	2014	Femmes_étudiantes_dans_l’enseignement_secondaire	0.45%	0.09890109890109888
États-Unis	2014	Femmes_étudiantes_dans_l’enseignement_secondaire	0.50%	0.004975124378109541
Îles_Cook	2014	Femmes_étudiantes_dans_l’enseignement_secondaire	0.52%	0.04761904761904767
Afghanistan	2015	Femmes_étudiantes_dans_l’enseignement_secondaire	0.36%	0.28205128205128205
Afrique_du_Sud	2015	Femmes_étudiantes_dans_l’enseignement_secondaire	0.50%	0.005025125628140725
Albanie	2015	Femmes_étudiantes_dans_l’enseignement_secondaire	0.48%	0.03626943005181349
Allemagne	2015	Femmes_étudiantes_dans_l’enseignement_secondaire	0.49%	0.02564102564102566
Antigua-et-Barbuda	2015	Femmes_étudiantes_dans_l’enseignement_secondaire	0.50%	0.00990099009900991
Argentine	2015	Femmes_étudiantes_dans_l’enseignement_secondaire	0.51%	0.029126213592232997
Arménie	2015	Femmes_étudiantes_dans_l’enseignement_secondaire	0.51%	0.024390243902439046
Australie	2015	Femmes_étudiantes_dans_l’enseignement_secondaire	0.47%	0.06951871657754016
Autriche	2015	Femmes_étudiantes_dans_l’enseignement_secondaire	0.49%	0.020408163265306145
Bahrain	2015	Femmes_étudiantes_dans_l’enseignement_secondaire	0.50%	0.0
Bangladesh	2015	Femmes_étudiantes_dans_l’enseignement_secondaire	0.53%	0.06103286384976525
Barbade	2015	Femmes_étudiantes_dans_l’enseignement_secondaire	0.51%	0.01477832512315258
Belgique	2015	Femmes_étudiantes_dans_l’enseignement_secondaire	0.53%	0.06542056074766367
Bermuda	2015	Femmes_étudiantes_dans_l’enseignement_secondaire	0.53%	0.05660377358490565
Bhoutan	2015	Femmes_étudiantes_dans_l’enseignement_secondaire	0.51%	0.029126213592232997
Biélorussie	2015	Femmes_étudiantes_dans_l’enseignement_secondaire	0.50%	0.005025125628140725
Bolivie	2015	Femmes_étudiantes_dans_l’enseignement_secondaire	0.49%	0.010101010101010055
Brunéi	2015	Femmes_étudiantes_dans_l’enseignement_secondaire	0.50%	0.0
Brésil	2015	Femmes_étudiantes_dans_l’enseignement_secondaire	0.51%	0.024390243902439046
Bulgarie	2015	Femmes_étudiantes_dans_l’enseignement_secondaire	0.49%	0.015228426395939132
Burkina_Faso	2015	Femmes_étudiantes_dans_l’enseignement_secondaire	0.48%	0.04166666666666663
Burundi	2015	Femmes_étudiantes_dans_l’enseignement_secondaire	0.48%	0.04712041884816753
Bélize	2015	Femmes_étudiantes_dans_l’enseignement_secondaire	0.50%	0.00990099009900991
Bénin	2015	Femmes_étudiantes_dans_l’enseignement_secondaire	0.42%	0.16959064327485385
Cameroun	2015	Femmes_étudiantes_dans_l’enseignement_secondaire	0.46%	0.07526881720430101
Canada	2015	Femmes_étudiantes_dans_l’enseignement_secondaire	0.50%	0.004975124378109541
Cap-Vert	2015	Femmes_étudiantes_dans_l’enseignement_secondaire	0.52%	0.04761904761904767
Chad	2015	Femmes_étudiantes_dans_l’enseignement_secondaire	0.31%	0.3793103448275862
Chili	2015	Femmes_étudiantes_dans_l’enseignement_secondaire	0.50%	0.004975124378109541
Chypre	2015	Femmes_étudiantes_dans_l’enseignement_secondaire	0.50%	0.005025125628140725
Colombie	2015	Femmes_étudiantes_dans_l’enseignement_secondaire	0.52%	0.033816425120772875
Costa_Rica	2015	Femmes_étudiantes_dans_l’enseignement_secondaire	0.51%	0.019607843137254832
Croatie	2015	Femmes_étudiantes_dans_l’enseignement_secondaire	0.51%	0.024390243902439046
Cuba	2015	Femmes_étudiantes_dans_l’enseignement_secondaire	0.51%	0.019607843137254832
Côte_d-**-Ivoire	2015	Femmes_étudiantes_dans_l’enseignement_secondaire	0.42%	0.16959064327485385
Danemark	2015	Femmes_étudiantes_dans_l’enseignement_secondaire	0.51%	0.024390243902439046
Dem._République_populaire_de_Corée	2015	Femmes_étudiantes_dans_l’enseignement_secondaire	0.50%	0.004975124378109541
Djibouti	2015	Femmes_étudiantes_dans_l’enseignement_secondaire	0.44%	0.11111111111111105
El_Salvador	2015	Femmes_étudiantes_dans_l’enseignement_secondaire	0.50%	0.004975124378109541
Espagne	2015	Femmes_étudiantes_dans_l’enseignement_secondaire	0.50%	0.0
Estonie	2015	Femmes_étudiantes_dans_l’enseignement_secondaire	0.50%	0.0
Eswatini	2015	Femmes_étudiantes_dans_l’enseignement_secondaire	0.50%	0.005025125628140725
Finlande	2015	Femmes_étudiantes_dans_l’enseignement_secondaire	0.52%	0.04761904761904767
France	2015	Femmes_étudiantes_dans_l’enseignement_secondaire	0.50%	0.004975124378109541
Ghana	2015	Femmes_étudiantes_dans_l’enseignement_secondaire	0.49%	0.02564102564102566
Grenade	2015	Femmes_étudiantes_dans_l’enseignement_secondaire	0.50%	0.0
Grèce	2015	Femmes_étudiantes_dans_l’enseignement_secondaire	0.48%	0.03626943005181349
Guatemala	2015	Femmes_étudiantes_dans_l’enseignement_secondaire	0.48%	0.030927835051546393
Géorgie	2015	Femmes_étudiantes_dans_l’enseignement_secondaire	0.51%	0.01477832512315258
Honduras	2015	Femmes_étudiantes_dans_l’enseignement_secondaire	0.54%	0.08675799086757996
Hongrie	2015	Femmes_étudiantes_dans_l’enseignement_secondaire	0.50%	0.004975124378109541
Inde	2015	Femmes_étudiantes_dans_l’enseignement_secondaire	0.50%	0.004975124378109541
Indonésie	2015	Femmes_étudiantes_dans_l’enseignement_secondaire	0.50%	0.004975124378109541
Iran	2015	Femmes_étudiantes_dans_l’enseignement_secondaire	0.50%	0.0
Irlande	2015	Femmes_étudiantes_dans_l’enseignement_secondaire	0.50%	0.00990099009900991
Islande	2015	Femmes_étudiantes_dans_l’enseignement_secondaire	0.50%	0.004975124378109541
Israël	2015	Femmes_étudiantes_dans_l’enseignement_secondaire	0.50%	0.004975124378109541
Italie	2015	Femmes_étudiantes_dans_l’enseignement_secondaire	0.49%	0.010101010101010055
Jamaïque	2015	Femmes_étudiantes_dans_l’enseignement_secondaire	0.52%	0.033816425120772875
Japon	2015	Femmes_étudiantes_dans_l’enseignement_secondaire	0.50%	0.004975124378109541
Kazakhstan	2015	Femmes_étudiantes_dans_l’enseignement_secondaire	0.51%	0.019607843137254832
Kirghizistan	2015	Femmes_étudiantes_dans_l’enseignement_secondaire	0.50%	0.00990099009900991
Koweït	2015	Femmes_étudiantes_dans_l’enseignement_secondaire	0.52%	0.03846153846153855
Laos	2015	Femmes_étudiantes_dans_l’enseignement_secondaire	0.48%	0.03626943005181349
Lesotho	2015	Femmes_étudiantes_dans_l’enseignement_secondaire	0.57%	0.14529914529914545
Lettonie	2015	Femmes_étudiantes_dans_l’enseignement_secondaire	0.50%	0.005025125628140725
Liban	2015	Femmes_étudiantes_dans_l’enseignement_secondaire	0.50%	0.005025125628140725
Libéria	2015	Femmes_étudiantes_dans_l’enseignement_secondaire	0.44%	0.1235955056179775
Liechtenstein	2015	Femmes_étudiantes_dans_l’enseignement_secondaire	0.44%	0.1235955056179775
Lituanie	2015	Femmes_étudiantes_dans_l’enseignement_secondaire	0.49%	0.020408163265306145
Luxembourg	2015	Femmes_étudiantes_dans_l’enseignement_secondaire	0.51%	0.019607843137254832
Madagascar	2015	Femmes_étudiantes_dans_l’enseignement_secondaire	0.50%	0.005025125628140725
Malaisie	2015	Femmes_étudiantes_dans_l’enseignement_secondaire	0.52%	0.04306220095693791
Malawi	2015	Femmes_étudiantes_dans_l’enseignement_secondaire	0.48%	0.04166666666666663
Mali	2015	Femmes_étudiantes_dans_l’enseignement_secondaire	0.44%	0.11731843575418988
Malte	2015	Femmes_étudiantes_dans_l’enseignement_secondaire	0.52%	0.033816425120772875
Maurice	2015	Femmes_étudiantes_dans_l’enseignement_secondaire	0.51%	0.019607843137254832
Mauritanie	2015	Femmes_étudiantes_dans_l’enseignement_secondaire	0.48%	0.03626943005181349
Mexique	2015	Femmes_étudiantes_dans_l’enseignement_secondaire	0.52%	0.033816425120772875
Moldavie	2015	Femmes_étudiantes_dans_l’enseignement_secondaire	0.50%	0.004975124378109541
Mongolie	2015	Femmes_étudiantes_dans_l’enseignement_secondaire	0.50%	0.00990099009900991
Montenegro	2015	Femmes_étudiantes_dans_l’enseignement_secondaire	0.50%	0.0
Mozambique	2015	Femmes_étudiantes_dans_l’enseignement_secondaire	0.48%	0.04166666666666663
Niger	2015	Femmes_étudiantes_dans_l’enseignement_secondaire	0.41%	0.17647058823529416
Niue	2015	Femmes_étudiantes_dans_l’enseignement_secondaire	0.52%	0.04761904761904767
Norvège	2015	Femmes_étudiantes_dans_l’enseignement_secondaire	0.49%	0.015228426395939132
Nouvelle-Zélande	2015	Femmes_étudiantes_dans_l’enseignement_secondaire	0.51%	0.029126213592232997
Népal	2015	Femmes_étudiantes_dans_l’enseignement_secondaire	0.52%	0.033816425120772875
Oman	2015	Femmes_étudiantes_dans_l’enseignement_secondaire	0.49%	0.010101010101010055
Ouzbékistan	2015	Femmes_étudiantes_dans_l’enseignement_secondaire	0.50%	0.005025125628140725
Pakistan	2015	Femmes_étudiantes_dans_l’enseignement_secondaire	0.44%	0.11731843575418988
Palestine	2015	Femmes_étudiantes_dans_l’enseignement_secondaire	0.52%	0.04761904761904767
Panama	2015	Femmes_étudiantes_dans_l’enseignement_secondaire	0.51%	0.024390243902439046
Pays-Bas	2015	Femmes_étudiantes_dans_l’enseignement_secondaire	0.50%	0.00990099009900991
Philippines	2015	Femmes_étudiantes_dans_l’enseignement_secondaire	0.52%	0.04306220095693791
Pologne	2015	Femmes_étudiantes_dans_l’enseignement_secondaire	0.49%	0.015228426395939132
Porto_Rico	2015	Femmes_étudiantes_dans_l’enseignement_secondaire	0.52%	0.033816425120772875
Portugal	2015	Femmes_étudiantes_dans_l’enseignement_secondaire	0.49%	0.015228426395939132
Pérou	2015	Femmes_étudiantes_dans_l’enseignement_secondaire	0.50%	0.0
Qatar	2015	Femmes_étudiantes_dans_l’enseignement_secondaire	0.56%	0.1150442477876108
Roumanie	2015	Femmes_étudiantes_dans_l’enseignement_secondaire	0.50%	0.005025125628140725
Royaume-Uni	2015	Femmes_étudiantes_dans_l’enseignement_secondaire	0.51%	0.01477832512315258
Russie	2015	Femmes_étudiantes_dans_l’enseignement_secondaire	0.49%	0.010101010101010055
Rwanda	2015	Femmes_étudiantes_dans_l’enseignement_secondaire	0.52%	0.04306220095693791
République_Dominicaine	2015	Femmes_étudiantes_dans_l’enseignement_secondaire	0.52%	0.04761904761904767
République_de_Corée	2015	Femmes_étudiantes_dans_l’enseignement_secondaire	0.50%	0.0
République_démocratique_du_Congo	2015	Femmes_étudiantes_dans_l’enseignement_secondaire	0.39%	0.2195121951219513
Sainte-Lucie	2015	Femmes_étudiantes_dans_l’enseignement_secondaire	0.50%	0.005025125628140725
Samoa	2015	Femmes_étudiantes_dans_l’enseignement_secondaire	0.53%	0.05213270142180093
Sao_Tomé-et-Principe	2015	Femmes_étudiantes_dans_l’enseignement_secondaire	0.53%	0.05213270142180093
Serbie	2015	Femmes_étudiantes_dans_l’enseignement_secondaire	0.50%	0.004975124378109541
Seychelles	2015	Femmes_étudiantes_dans_l’enseignement_secondaire	0.50%	0.004975124378109541
Seychelles	2015	Femmes_étudiantes_dans_l’enseignement_secondaire	0.51%	0.024390243902439046
Sierra_Leone	2015	Femmes_étudiantes_dans_l’enseignement_secondaire	0.46%	0.07526881720430101
Slovaquie	2015	Femmes_étudiantes_dans_l’enseignement_secondaire	0.50%	0.004975124378109541
Slovénie	2015	Femmes_étudiantes_dans_l’enseignement_secondaire	0.50%	0.0
Soudan_du_Sud	2015	Femmes_étudiantes_dans_l’enseignement_secondaire	0.35%	0.2987012987012987
Sudan	2015	Femmes_étudiantes_dans_l’enseignement_secondaire	0.50%	0.005025125628140725
Suisse	2015	Femmes_étudiantes_dans_l’enseignement_secondaire	0.49%	0.015228426395939132
Suriname	2015	Femmes_étudiantes_dans_l’enseignement_secondaire	0.57%	0.13793103448275845
Suède	2015	Femmes_étudiantes_dans_l’enseignement_secondaire	0.53%	0.06542056074766367
Sénégal	2015	Femmes_étudiantes_dans_l’enseignement_secondaire	0.49%	0.010101010101010055
Thaïlande	2015	Femmes_étudiantes_dans_l’enseignement_secondaire	0.49%	0.020408163265306145
Timor_Oriental	2015	Femmes_étudiantes_dans_l’enseignement_secondaire	0.52%	0.033816425120772875
Turquie	2015	Femmes_étudiantes_dans_l’enseignement_secondaire	0.49%	0.015228426395939132
Tuvalu	2015	Femmes_étudiantes_dans_l’enseignement_secondaire	0.56%	0.11894273127753308
Vanuatu	2015	Femmes_étudiantes_dans_l’enseignement_secondaire	0.51%	0.029126213592232997
Venezuela	2015	Femmes_étudiantes_dans_l’enseignement_secondaire	0.52%	0.03846153846153855
Équateur	2015	Femmes_étudiantes_dans_l’enseignement_secondaire	0.51%	0.019607843137254832
Érythrée	2015	Femmes_étudiantes_dans_l’enseignement_secondaire	0.46%	0.08108108108108114
États-Unis	2015	Femmes_étudiantes_dans_l’enseignement_secondaire	0.50%	0.004975124378109541
Éthiopie	2015	Femmes_étudiantes_dans_l’enseignement_secondaire	0.49%	0.020408163265306145
Îles_Cook	2015	Femmes_étudiantes_dans_l’enseignement_secondaire	0.52%	0.04306220095693791
Îles_Marshall	2015	Femmes_étudiantes_dans_l’enseignement_secondaire	0.52%	0.04761904761904767
Albanie	2016	Femmes_étudiantes_dans_l’enseignement_secondaire	0.48%	0.03626943005181349
Australie	2016	Femmes_étudiantes_dans_l’enseignement_secondaire	0.47%	0.06951871657754016
Autriche	2016	Femmes_étudiantes_dans_l’enseignement_secondaire	0.49%	0.020408163265306145
Bahamas	2016	Femmes_étudiantes_dans_l’enseignement_secondaire	0.51%	0.029126213592232997
Bahrain	2016	Femmes_étudiantes_dans_l’enseignement_secondaire	0.50%	0.004975124378109541
Bangladesh	2016	Femmes_étudiantes_dans_l’enseignement_secondaire	0.52%	0.04761904761904767
Barbade	2016	Femmes_étudiantes_dans_l’enseignement_secondaire	0.51%	0.024390243902439046
Bhoutan	2016	Femmes_étudiantes_dans_l’enseignement_secondaire	0.52%	0.04761904761904767
Biélorussie	2016	Femmes_étudiantes_dans_l’enseignement_secondaire	0.49%	0.010101010101010055
Bolivie	2016	Femmes_étudiantes_dans_l’enseignement_secondaire	0.49%	0.010101010101010055
Brunéi	2016	Femmes_étudiantes_dans_l’enseignement_secondaire	0.50%	0.004975124378109541
Bulgarie	2016	Femmes_étudiantes_dans_l’enseignement_secondaire	0.49%	0.015228426395939132
Burkina_Faso	2016	Femmes_étudiantes_dans_l’enseignement_secondaire	0.49%	0.02564102564102566
Burundi	2016	Femmes_étudiantes_dans_l’enseignement_secondaire	0.49%	0.015228426395939132
Bélize	2016	Femmes_étudiantes_dans_l’enseignement_secondaire	0.50%	0.004975124378109541
Cameroun	2016	Femmes_étudiantes_dans_l’enseignement_secondaire	0.46%	0.07526881720430101
Canada	2016	Femmes_étudiantes_dans_l’enseignement_secondaire	0.50%	0.004975124378109541
Cap-Vert	2016	Femmes_étudiantes_dans_l’enseignement_secondaire	0.52%	0.04761904761904767
Chad	2016	Femmes_étudiantes_dans_l’enseignement_secondaire	0.32%	0.36986301369863006
Chili	2016	Femmes_étudiantes_dans_l’enseignement_secondaire	0.50%	0.004975124378109541
Colombie	2016	Femmes_étudiantes_dans_l’enseignement_secondaire	0.51%	0.029126213592232997
Costa_Rica	2016	Femmes_étudiantes_dans_l’enseignement_secondaire	0.51%	0.024390243902439046
Croatie	2016	Femmes_étudiantes_dans_l’enseignement_secondaire	0.51%	0.024390243902439046
Côte_d-**-Ivoire	2016	Femmes_étudiantes_dans_l’enseignement_secondaire	0.42%	0.1560693641618497
Danemark	2016	Femmes_étudiantes_dans_l’enseignement_secondaire	0.51%	0.01477832512315258
Djibouti	2016	Femmes_étudiantes_dans_l’enseignement_secondaire	0.45%	0.09890109890109888
El_Salvador	2016	Femmes_étudiantes_dans_l’enseignement_secondaire	0.50%	0.0
Espagne	2016	Femmes_étudiantes_dans_l’enseignement_secondaire	0.50%	0.004975124378109541
Finlande	2016	Femmes_étudiantes_dans_l’enseignement_secondaire	0.52%	0.04761904761904767
Ghana	2016	Femmes_étudiantes_dans_l’enseignement_secondaire	0.49%	0.015228426395939132
Grenade	2016	Femmes_étudiantes_dans_l’enseignement_secondaire	0.51%	0.019607843137254832
Guatemala	2016	Femmes_étudiantes_dans_l’enseignement_secondaire	0.49%	0.02564102564102566
Géorgie	2016	Femmes_étudiantes_dans_l’enseignement_secondaire	0.50%	0.00990099009900991
Honduras	2016	Femmes_étudiantes_dans_l’enseignement_secondaire	0.54%	0.07407407407407396
Hongrie	2016	Femmes_étudiantes_dans_l’enseignement_secondaire	0.50%	0.0
Inde	2016	Femmes_étudiantes_dans_l’enseignement_secondaire	0.50%	0.00990099009900991
Indonésie	2016	Femmes_étudiantes_dans_l’enseignement_secondaire	0.51%	0.019607843137254832
Irlande	2016	Femmes_étudiantes_dans_l’enseignement_secondaire	0.50%	0.00990099009900991
Israël	2016	Femmes_étudiantes_dans_l’enseignement_secondaire	0.50%	0.00990099009900991
Jamaïque	2016	Femmes_étudiantes_dans_l’enseignement_secondaire	0.51%	0.024390243902439046
Kazakhstan	2016	Femmes_étudiantes_dans_l’enseignement_secondaire	0.51%	0.01477832512315258
Kirghizistan	2016	Femmes_étudiantes_dans_l’enseignement_secondaire	0.50%	0.0
Laos	2016	Femmes_étudiantes_dans_l’enseignement_secondaire	0.48%	0.03626943005181349
Lesotho	2016	Femmes_étudiantes_dans_l’enseignement_secondaire	0.57%	0.14893617021276606
Liban	2016	Femmes_étudiantes_dans_l’enseignement_secondaire	0.50%	0.0
Liechtenstein	2016	Femmes_étudiantes_dans_l’enseignement_secondaire	0.44%	0.1235955056179775
Lituanie	2016	Femmes_étudiantes_dans_l’enseignement_secondaire	0.49%	0.02564102564102566
Madagascar	2016	Femmes_étudiantes_dans_l’enseignement_secondaire	0.50%	0.005025125628140725
Malaisie	2016	Femmes_étudiantes_dans_l’enseignement_secondaire	0.51%	0.029126213592232997
Malawi	2016	Femmes_étudiantes_dans_l’enseignement_secondaire	0.47%	0.05820105820105825
Mali	2016	Femmes_étudiantes_dans_l’enseignement_secondaire	0.43%	0.14942528735632188
Malte	2016	Femmes_étudiantes_dans_l’enseignement_secondaire	0.51%	0.019607843137254832
Maurice	2016	Femmes_étudiantes_dans_l’enseignement_secondaire	0.51%	0.029126213592232997
Mauritanie	2016	Femmes_étudiantes_dans_l’enseignement_secondaire	0.49%	0.015228426395939132
Mexique	2016	Femmes_étudiantes_dans_l’enseignement_secondaire	0.52%	0.04306220095693791
Mongolie	2016	Femmes_étudiantes_dans_l’enseignement_secondaire	0.50%	0.004975124378109541
Montenegro	2016	Femmes_étudiantes_dans_l’enseignement_secondaire	0.50%	0.0
Nauru	2016	Femmes_étudiantes_dans_l’enseignement_secondaire	0.51%	0.01477832512315258
Niger	2016	Femmes_étudiantes_dans_l’enseignement_secondaire	0.42%	0.1560693641618497
Norvège	2016	Femmes_étudiantes_dans_l’enseignement_secondaire	0.49%	0.015228426395939132
Nouvelle-Zélande	2016	Femmes_étudiantes_dans_l’enseignement_secondaire	0.51%	0.029126213592232997
Népal	2016	Femmes_étudiantes_dans_l’enseignement_secondaire	0.52%	0.033816425120772875
Oman	2016	Femmes_étudiantes_dans_l’enseignement_secondaire	0.48%	0.030927835051546393
Ouzbékistan	2016	Femmes_étudiantes_dans_l’enseignement_secondaire	0.50%	0.005025125628140725
Pakistan	2016	Femmes_étudiantes_dans_l’enseignement_secondaire	0.45%	0.10497237569060769
Palestine	2016	Femmes_étudiantes_dans_l’enseignement_secondaire	0.52%	0.04761904761904767
Pays-Bas	2016	Femmes_étudiantes_dans_l’enseignement_secondaire	0.50%	0.00990099009900991
Pologne	2016	Femmes_étudiantes_dans_l’enseignement_secondaire	0.49%	0.015228426395939132
Portugal	2016	Femmes_étudiantes_dans_l’enseignement_secondaire	0.49%	0.015228426395939132
Pérou	2016	Femmes_étudiantes_dans_l’enseignement_secondaire	0.50%	0.0
Qatar	2016	Femmes_étudiantes_dans_l’enseignement_secondaire	0.54%	0.07834101382488479
Roumanie	2016	Femmes_étudiantes_dans_l’enseignement_secondaire	0.50%	0.005025125628140725
Russie	2016	Femmes_étudiantes_dans_l’enseignement_secondaire	0.50%	0.005025125628140725
Rwanda	2016	Femmes_étudiantes_dans_l’enseignement_secondaire	0.52%	0.04761904761904767
République_Centrafricaine	2016	Femmes_étudiantes_dans_l’enseignement_secondaire	0.39%	0.2195121951219513
République_Dominicaine	2016	Femmes_étudiantes_dans_l’enseignement_secondaire	0.52%	0.04761904761904767
Sainte-Lucie	2016	Femmes_étudiantes_dans_l’enseignement_secondaire	0.50%	0.004975124378109541
Samoa	2016	Femmes_étudiantes_dans_l’enseignement_secondaire	0.52%	0.04761904761904767
Sao_Tomé-et-Principe	2016	Femmes_étudiantes_dans_l’enseignement_secondaire	0.53%	0.06103286384976525
Serbie	2016	Femmes_étudiantes_dans_l’enseignement_secondaire	0.50%	0.004975124378109541
Seychelles	2016	Femmes_étudiantes_dans_l’enseignement_secondaire	0.52%	0.033816425120772875
Sierra_Leone	2016	Femmes_étudiantes_dans_l’enseignement_secondaire	0.48%	0.04712041884816753
Singapour	2016	Femmes_étudiantes_dans_l’enseignement_secondaire	0.50%	0.005025125628140725
Sri_Lanka	2016	Femmes_étudiantes_dans_l’enseignement_secondaire	0.51%	0.01477832512315258
Suisse	2016	Femmes_étudiantes_dans_l’enseignement_secondaire	0.49%	0.020408163265306145
Sénégal	2016	Femmes_étudiantes_dans_l’enseignement_secondaire	0.50%	0.004975124378109541
Timor_Oriental	2016	Femmes_étudiantes_dans_l’enseignement_secondaire	0.52%	0.033816425120772875
Tunisie	2016	Femmes_étudiantes_dans_l’enseignement_secondaire	0.53%	0.05213270142180093
Venezuela	2016	Femmes_étudiantes_dans_l’enseignement_secondaire	0.52%	0.03846153846153855
Yémen	2016	Femmes_étudiantes_dans_l’enseignement_secondaire	0.42%	0.1560693641618497
Égypte	2016	Femmes_étudiantes_dans_l’enseignement_secondaire	0.49%	0.010101010101010055
Émirats_Arabes_Unis	2016	Femmes_étudiantes_dans_l’enseignement_secondaire	0.48%	0.030927835051546393
Équateur	2016	Femmes_étudiantes_dans_l’enseignement_secondaire	0.51%	0.019607843137254832
Îles_Cook	2016	Femmes_étudiantes_dans_l’enseignement_secondaire	0.51%	0.029126213592232997
Îles_Marshall	2016	Femmes_étudiantes_dans_l’enseignement_secondaire	0.52%	0.04761904761904767
Afghanistan	2014	Femmes_étudiantes_dans_l’enseignement_supérieur	0.22%	0.5625
Afrique_du_Sud	2014	Femmes_étudiantes_dans_l’enseignement_supérieur	0.59%	0.17012448132780067
Albanie	2014	Femmes_étudiantes_dans_l’enseignement_supérieur	0.60%	0.20634920634920628
Algérie	2014	Femmes_étudiantes_dans_l’enseignement_supérieur	0.60%	0.20948616600790504
Allemagne	2014	Femmes_étudiantes_dans_l’enseignement_supérieur	0.49%	0.02564102564102566
Arabie_Saoudite	2014	Femmes_étudiantes_dans_l’enseignement_supérieur	0.50%	0.005025125628140725
Argentine	2014	Femmes_étudiantes_dans_l’enseignement_supérieur	0.62%	0.23664122137404586
Arménie	2014	Femmes_étudiantes_dans_l’enseignement_supérieur	0.53%	0.06542056074766367
Autriche	2014	Femmes_étudiantes_dans_l’enseignement_supérieur	0.54%	0.08675799086757996
Azerbaïdjan	2014	Femmes_étudiantes_dans_l’enseignement_supérieur	0.53%	0.06542056074766367
Bahrain	2014	Femmes_étudiantes_dans_l’enseignement_supérieur	0.66%	0.32885906040268464
Bangladesh	2014	Femmes_étudiantes_dans_l’enseignement_supérieur	0.43%	0.14942528735632188
Belgique	2014	Femmes_étudiantes_dans_l’enseignement_supérieur	0.57%	0.1304347826086958
Bermuda	2014	Femmes_étudiantes_dans_l’enseignement_supérieur	0.65%	0.3079584775086506
Biélorussie	2014	Femmes_étudiantes_dans_l’enseignement_supérieur	0.57%	0.14163090128755362
Botswana	2014	Femmes_étudiantes_dans_l’enseignement_supérieur	0.56%	0.11111111111111116
Brunéi	2014	Femmes_étudiantes_dans_l’enseignement_supérieur	0.63%	0.2565055762081785
Brésil	2014	Femmes_étudiantes_dans_l’enseignement_supérieur	0.57%	0.14893617021276606
Bulgarie	2014	Femmes_étudiantes_dans_l’enseignement_supérieur	0.56%	0.1150442477876108
Burkina_Faso	2014	Femmes_étudiantes_dans_l’enseignement_supérieur	0.33%	0.34228187919463093
Burundi	2014	Femmes_étudiantes_dans_l’enseignement_supérieur	0.24%	0.5267175572519085
Bénin	2014	Femmes_étudiantes_dans_l’enseignement_supérieur	0.27%	0.45985401459854014
Cameroun	2014	Femmes_étudiantes_dans_l’enseignement_supérieur	0.44%	0.1235955056179775
Cap-Vert	2014	Femmes_étudiantes_dans_l’enseignement_supérieur	0.59%	0.17695473251028826
Chad	2014	Femmes_étudiantes_dans_l’enseignement_supérieur	0.17%	0.6666666666666666
Chili	2014	Femmes_étudiantes_dans_l’enseignement_supérieur	0.53%	0.06103286384976525
Chine	2014	Femmes_étudiantes_dans_l’enseignement_supérieur	0.54%	0.07407407407407396
Chypre	2014	Femmes_étudiantes_dans_l’enseignement_supérieur	0.59%	0.17355371900826433
Colombie	2014	Femmes_étudiantes_dans_l’enseignement_supérieur	0.53%	0.06976744186046502
Comores	2014	Femmes_étudiantes_dans_l’enseignement_supérieur	0.45%	0.10497237569060769
Costa_Rica	2014	Femmes_étudiantes_dans_l’enseignement_supérieur	0.55%	0.10714285714285698
Croatie	2014	Femmes_étudiantes_dans_l’enseignement_supérieur	0.58%	0.1561181434599157
Côte_d-**-Ivoire	2014	Femmes_étudiantes_dans_l’enseignement_supérieur	0.37%	0.25786163522012573
Danemark	2014	Femmes_étudiantes_dans_l’enseignement_supérieur	0.59%	0.17012448132780067
El_Salvador	2014	Femmes_étudiantes_dans_l’enseignement_supérieur	0.52%	0.04761904761904767
Espagne	2014	Femmes_étudiantes_dans_l’enseignement_supérieur	0.54%	0.08675799086757996
Estonie	2014	Femmes_étudiantes_dans_l’enseignement_supérieur	0.60%	0.20318725099601598
Finlande	2014	Femmes_étudiantes_dans_l’enseignement_supérieur	0.55%	0.09090909090909083
France	2014	Femmes_étudiantes_dans_l’enseignement_supérieur	0.56%	0.11111111111111116
Ghana	2014	Femmes_étudiantes_dans_l’enseignement_supérieur	0.40%	0.20481927710843373
Grèce	2014	Femmes_étudiantes_dans_l’enseignement_supérieur	0.50%	0.005025125628140725
Guatemala	2014	Femmes_étudiantes_dans_l’enseignement_supérieur	0.53%	0.05660377358490565
Guinée	2014	Femmes_étudiantes_dans_l’enseignement_supérieur	0.31%	0.3793103448275862
Géorgie	2014	Femmes_étudiantes_dans_l’enseignement_supérieur	0.56%	0.1150442477876108
Honduras	2014	Femmes_étudiantes_dans_l’enseignement_supérieur	0.58%	0.1561181434599157
Hongrie	2014	Femmes_étudiantes_dans_l’enseignement_supérieur	0.56%	0.1266375545851528
Inde	2014	Femmes_étudiantes_dans_l’enseignement_supérieur	0.49%	0.010101010101010055
Indonésie	2014	Femmes_étudiantes_dans_l’enseignement_supérieur	0.53%	0.06103286384976525
Iran	2014	Femmes_étudiantes_dans_l’enseignement_supérieur	0.48%	0.03626943005181349
Irlande	2014	Femmes_étudiantes_dans_l’enseignement_supérieur	0.51%	0.024390243902439046
Islande	2014	Femmes_étudiantes_dans_l’enseignement_supérieur	0.64%	0.27007299270072993
Israël	2014	Femmes_étudiantes_dans_l’enseignement_supérieur	0.57%	0.14529914529914545
Italie	2014	Femmes_étudiantes_dans_l’enseignement_supérieur	0.58%	0.15966386554621836
Japon	2014	Femmes_étudiantes_dans_l’enseignement_supérieur	0.48%	0.03626943005181349
Kazakhstan	2014	Femmes_étudiantes_dans_l’enseignement_supérieur	0.56%	0.1150442477876108
Kirghizistan	2014	Femmes_étudiantes_dans_l’enseignement_supérieur	0.57%	0.1304347826086958
Laos	2014	Femmes_étudiantes_dans_l’enseignement_supérieur	0.48%	0.03626943005181349
Lesotho	2014	Femmes_étudiantes_dans_l’enseignement_supérieur	0.59%	0.17695473251028826
Lettonie	2014	Femmes_étudiantes_dans_l’enseignement_supérieur	0.59%	0.17355371900826433
Liban	2014	Femmes_étudiantes_dans_l’enseignement_supérieur	0.54%	0.07407407407407396
Liechtenstein	2014	Femmes_étudiantes_dans_l’enseignement_supérieur	0.32%	0.3513513513513513
Lituanie	2014	Femmes_étudiantes_dans_l’enseignement_supérieur	0.59%	0.1869918699186992
Madagascar	2014	Femmes_étudiantes_dans_l’enseignement_supérieur	0.48%	0.04166666666666663
Malaisie	2014	Femmes_étudiantes_dans_l’enseignement_supérieur	0.58%	0.16317991631799167
Maldives	2014	Femmes_étudiantes_dans_l’enseignement_supérieur	0.67%	0.34640522875817004
Mali	2014	Femmes_étudiantes_dans_l’enseignement_supérieur	0.30%	0.4084507042253521
Malte	2014	Femmes_étudiantes_dans_l’enseignement_supérieur	0.57%	0.1341991341991342
Maroc	2014	Femmes_étudiantes_dans_l’enseignement_supérieur	0.49%	0.015228426395939132
Maurice	2014	Femmes_étudiantes_dans_l’enseignement_supérieur	0.55%	0.10313901345291487
Mexique	2014	Femmes_étudiantes_dans_l’enseignement_supérieur	0.50%	0.004975124378109541
Moldavie	2014	Femmes_étudiantes_dans_l’enseignement_supérieur	0.57%	0.13793103448275845
Mongolie	2014	Femmes_étudiantes_dans_l’enseignement_supérieur	0.59%	0.180327868852459
Mozambique	2014	Femmes_étudiantes_dans_l’enseignement_supérieur	0.42%	0.16959064327485385
Norvège	2014	Femmes_étudiantes_dans_l’enseignement_supérieur	0.59%	0.18367346938775508
Nouvelle-Zélande	2014	Femmes_étudiantes_dans_l’enseignement_supérieur	0.59%	0.180327868852459
Oman	2014	Femmes_étudiantes_dans_l’enseignement_supérieur	0.66%	0.3197278911564625
Ouganda	2014	Femmes_étudiantes_dans_l’enseignement_supérieur	0.44%	0.1235955056179775
Ouzbékistan	2014	Femmes_étudiantes_dans_l’enseignement_supérieur	0.38%	0.23456790123456794
Pakistan	2014	Femmes_étudiantes_dans_l’enseignement_supérieur	0.51%	0.029126213592232997
Palestine	2014	Femmes_étudiantes_dans_l’enseignement_supérieur	0.61%	0.21568627450980404
Panama	2014	Femmes_étudiantes_dans_l’enseignement_supérieur	0.61%	0.227799227799228
Philippines	2014	Femmes_étudiantes_dans_l’enseignement_supérieur	0.56%	0.12280701754385959
Pologne	2014	Femmes_étudiantes_dans_l’enseignement_supérieur	0.61%	0.21259842519685046
Porto_Rico	2014	Femmes_étudiantes_dans_l’enseignement_supérieur	0.59%	0.17012448132780067
Portugal	2014	Femmes_étudiantes_dans_l’enseignement_supérieur	0.54%	0.07407407407407396
Qatar	2014	Femmes_étudiantes_dans_l’enseignement_supérieur	0.86%	0.7282608695652173
Roumanie	2014	Femmes_étudiantes_dans_l’enseignement_supérieur	0.55%	0.10714285714285698
Royaume-Uni	2014	Femmes_étudiantes_dans_l’enseignement_supérieur	0.57%	0.13793103448275845
Russie	2014	Femmes_étudiantes_dans_l’enseignement_supérieur	0.55%	0.09090909090909083
Rwanda	2014	Femmes_étudiantes_dans_l’enseignement_supérieur	0.45%	0.09289617486338808
République_Dominicaine	2014	Femmes_étudiantes_dans_l’enseignement_supérieur	0.62%	0.23664122137404586
République_de_Corée	2014	Femmes_étudiantes_dans_l’enseignement_supérieur	0.43%	0.13636363636363635
Sainte-Lucie	2014	Femmes_étudiantes_dans_l’enseignement_supérieur	0.68%	0.3527508090614886
Sao_Tomé-et-Principe	2014	Femmes_étudiantes_dans_l’enseignement_supérieur	0.47%	0.06951871657754016
Serbie	2014	Femmes_étudiantes_dans_l’enseignement_supérieur	0.57%	0.1341991341991342
Seychelles	2014	Femmes_étudiantes_dans_l’enseignement_supérieur	0.58%	0.16666666666666674
Seychelles	2014	Femmes_étudiantes_dans_l’enseignement_supérieur	0.72%	0.44134078212290495
Slovaquie	2014	Femmes_étudiantes_dans_l’enseignement_supérieur	0.61%	0.21568627450980404
Slovénie	2014	Femmes_étudiantes_dans_l’enseignement_supérieur	0.59%	0.18367346938775508
Sri_Lanka	2014	Femmes_étudiantes_dans_l’enseignement_supérieur	0.56%	0.1266375545851528
Sudan	2014	Femmes_étudiantes_dans_l’enseignement_supérieur	0.51%	0.029126213592232997
Suisse	2014	Femmes_étudiantes_dans_l’enseignement_supérieur	0.50%	0.00990099009900991
Suède	2014	Femmes_étudiantes_dans_l’enseignement_supérieur	0.61%	0.21259842519685046
Syrie	2014	Femmes_étudiantes_dans_l’enseignement_supérieur	0.51%	0.024390243902439046
Sénégal	2014	Femmes_étudiantes_dans_l’enseignement_supérieur	0.37%	0.2500000000000001
Tadjikistan	2014	Femmes_étudiantes_dans_l’enseignement_supérieur	0.38%	0.2422360248447205
Thaïlande	2014	Femmes_étudiantes_dans_l’enseignement_supérieur	0.57%	0.14893617021276606
Togo	2014	Femmes_étudiantes_dans_l’enseignement_supérieur	0.30%	0.4084507042253521
Tunisie	2014	Femmes_étudiantes_dans_l’enseignement_supérieur	0.62%	0.23954372623574138
Turkménistan	2014	Femmes_étudiantes_dans_l’enseignement_supérieur	0.39%	0.2195121951219513
Turquie	2014	Femmes_étudiantes_dans_l’enseignement_supérieur	0.47%	0.06951871657754016
Ukraine	2014	Femmes_étudiantes_dans_l’enseignement_supérieur	0.53%	0.06976744186046502
Viêt_Nam	2014	Femmes_étudiantes_dans_l’enseignement_supérieur	0.51%	0.024390243902439046
Égypte	2014	Femmes_étudiantes_dans_l’enseignement_supérieur	0.47%	0.05820105820105825
Émirats_Arabes_Unis	2014	Femmes_étudiantes_dans_l’enseignement_supérieur	0.69%	0.3846153846153846
Érythrée	2014	Femmes_étudiantes_dans_l’enseignement_supérieur	0.33%	0.34228187919463093
Éthiopie	2014	Femmes_étudiantes_dans_l’enseignement_supérieur	0.32%	0.3513513513513513
Albanie	2015	Femmes_étudiantes_dans_l’enseignement_supérieur	0.60%	0.20948616600790504
Algérie	2015	Femmes_étudiantes_dans_l’enseignement_supérieur	0.61%	0.21875
Allemagne	2015	Femmes_étudiantes_dans_l’enseignement_supérieur	0.49%	0.010101010101010055
Angola	2015	Femmes_étudiantes_dans_l’enseignement_supérieur	0.44%	0.12994350282485878
Arabie_Saoudite	2015	Femmes_étudiantes_dans_l’enseignement_supérieur	0.50%	0.004975124378109541
Argentine	2015	Femmes_étudiantes_dans_l’enseignement_supérieur	0.62%	0.24242424242424243
Arménie	2015	Femmes_étudiantes_dans_l’enseignement_supérieur	0.54%	0.08675799086757996
Australie	2015	Femmes_étudiantes_dans_l’enseignement_supérieur	0.59%	0.18367346938775508
Autriche	2015	Femmes_étudiantes_dans_l’enseignement_supérieur	0.54%	0.08675799086757996
Azerbaïdjan	2015	Femmes_étudiantes_dans_l’enseignement_supérieur	0.54%	0.07407407407407396
Bahrain	2015	Femmes_étudiantes_dans_l’enseignement_supérieur	0.66%	0.31506849315068486
Belgique	2015	Femmes_étudiantes_dans_l’enseignement_supérieur	0.57%	0.1341991341991342
Bermuda	2015	Femmes_étudiantes_dans_l’enseignement_supérieur	0.70%	0.3975903614457832
Biélorussie	2015	Femmes_étudiantes_dans_l’enseignement_supérieur	0.57%	0.14163090128755362
Botswana	2015	Femmes_étudiantes_dans_l’enseignement_supérieur	0.58%	0.1561181434599157
Brunéi	2015	Femmes_étudiantes_dans_l’enseignement_supérieur	0.62%	0.24528301886792447
Brésil	2015	Femmes_étudiantes_dans_l’enseignement_supérieur	0.58%	0.16666666666666674
Bulgarie	2015	Femmes_étudiantes_dans_l’enseignement_supérieur	0.56%	0.12280701754385959
Burkina_Faso	2015	Femmes_étudiantes_dans_l’enseignement_supérieur	0.34%	0.3157894736842105
Bélize	2015	Femmes_étudiantes_dans_l’enseignement_supérieur	0.62%	0.23371647509578541
Bénin	2015	Femmes_étudiantes_dans_l’enseignement_supérieur	0.29%	0.4285714285714285
Cambodge	2015	Femmes_étudiantes_dans_l’enseignement_supérieur	0.45%	0.09890109890109888
Cameroun	2015	Femmes_étudiantes_dans_l’enseignement_supérieur	0.45%	0.10497237569060769
Cap-Vert	2015	Femmes_étudiantes_dans_l’enseignement_supérieur	0.59%	0.17355371900826433
Chili	2015	Femmes_étudiantes_dans_l’enseignement_supérieur	0.53%	0.06103286384976525
Chine	2015	Femmes_étudiantes_dans_l’enseignement_supérieur	0.54%	0.08675799086757996
Chypre	2015	Femmes_étudiantes_dans_l’enseignement_supérieur	0.58%	0.15254237288135597
Colombie	2015	Femmes_étudiantes_dans_l’enseignement_supérieur	0.54%	0.07407407407407396
Costa_Rica	2015	Femmes_étudiantes_dans_l’enseignement_supérieur	0.57%	0.1341991341991342
Croatie	2015	Femmes_étudiantes_dans_l’enseignement_supérieur	0.57%	0.14893617021276606
Cuba	2015	Femmes_étudiantes_dans_l’enseignement_supérieur	0.59%	0.17012448132780067
Côte_d-**-Ivoire	2015	Femmes_étudiantes_dans_l’enseignement_supérieur	0.40%	0.20481927710843373
Danemark	2015	Femmes_étudiantes_dans_l’enseignement_supérieur	0.58%	0.16666666666666674
Dem._République_populaire_de_Corée	2015	Femmes_étudiantes_dans_l’enseignement_supérieur	0.35%	0.29032258064516125
El_Salvador	2015	Femmes_étudiantes_dans_l’enseignement_supérieur	0.53%	0.05213270142180093
Espagne	2015	Femmes_étudiantes_dans_l’enseignement_supérieur	0.54%	0.08256880733944971
Estonie	2015	Femmes_étudiantes_dans_l’enseignement_supérieur	0.60%	0.20634920634920628
Finlande	2015	Femmes_étudiantes_dans_l’enseignement_supérieur	0.55%	0.09090909090909083
France	2015	Femmes_étudiantes_dans_l’enseignement_supérieur	0.56%	0.11111111111111116
Ghana	2015	Femmes_étudiantes_dans_l’enseignement_supérieur	0.41%	0.18343195266272194
Grenade	2015	Femmes_étudiantes_dans_l’enseignement_supérieur	0.54%	0.07407407407407396
Guatemala	2015	Femmes_étudiantes_dans_l’enseignement_supérieur	0.54%	0.08256880733944971
Géorgie	2015	Femmes_étudiantes_dans_l’enseignement_supérieur	0.55%	0.10313901345291487
Honduras	2015	Femmes_étudiantes_dans_l’enseignement_supérieur	0.58%	0.1561181434599157
Hongrie	2015	Femmes_étudiantes_dans_l’enseignement_supérieur	0.56%	0.1150442477876108
Inde	2015	Femmes_étudiantes_dans_l’enseignement_supérieur	0.50%	0.005025125628140725
Indonésie	2015	Femmes_étudiantes_dans_l’enseignement_supérieur	0.53%	0.06103286384976525
Iran	2015	Femmes_étudiantes_dans_l’enseignement_supérieur	0.47%	0.05820105820105825
Irlande	2015	Femmes_étudiantes_dans_l’enseignement_supérieur	0.52%	0.033816425120772875
Islande	2015	Femmes_étudiantes_dans_l’enseignement_supérieur	0.64%	0.2831541218637994
Israël	2015	Femmes_étudiantes_dans_l’enseignement_supérieur	0.58%	0.15966386554621836
Italie	2015	Femmes_étudiantes_dans_l’enseignement_supérieur	0.58%	0.15254237288135597
Jamaïque	2015	Femmes_étudiantes_dans_l’enseignement_supérieur	0.63%	0.26739926739926734
Japon	2015	Femmes_étudiantes_dans_l’enseignement_supérieur	0.48%	0.030927835051546393
Jordanie	2015	Femmes_étudiantes_dans_l’enseignement_supérieur	0.52%	0.04306220095693791
Kazakhstan	2015	Femmes_étudiantes_dans_l’enseignement_supérieur	0.56%	0.12280701754385959
Kirghizistan	2015	Femmes_étudiantes_dans_l’enseignement_supérieur	0.57%	0.1304347826086958
Laos	2015	Femmes_étudiantes_dans_l’enseignement_supérieur	0.49%	0.020408163265306145
Lesotho	2015	Femmes_étudiantes_dans_l’enseignement_supérieur	0.60%	0.19999999999999996
Lettonie	2015	Femmes_étudiantes_dans_l’enseignement_supérieur	0.61%	0.21259842519685046
Liechtenstein	2015	Femmes_étudiantes_dans_l’enseignement_supérieur	0.33%	0.34228187919463093
Lituanie	2015	Femmes_étudiantes_dans_l’enseignement_supérieur	0.59%	0.180327868852459
Luxembourg	2015	Femmes_étudiantes_dans_l’enseignement_supérieur	0.53%	0.05213270142180093
Madagascar	2015	Femmes_étudiantes_dans_l’enseignement_supérieur	0.47%	0.05263157894736836
Malaisie	2015	Femmes_étudiantes_dans_l’enseignement_supérieur	0.57%	0.14529914529914545
Mali	2015	Femmes_étudiantes_dans_l’enseignement_supérieur	0.30%	0.4084507042253521
Malte	2015	Femmes_étudiantes_dans_l’enseignement_supérieur	0.58%	0.1561181434599157
Maroc	2015	Femmes_étudiantes_dans_l’enseignement_supérieur	0.49%	0.020408163265306145
Maurice	2015	Femmes_étudiantes_dans_l’enseignement_supérieur	0.57%	0.1341991341991342
Mauritanie	2015	Femmes_étudiantes_dans_l’enseignement_supérieur	0.33%	0.33333333333333337
Mexique	2015	Femmes_étudiantes_dans_l’enseignement_supérieur	0.50%	0.0
Moldavie	2015	Femmes_étudiantes_dans_l’enseignement_supérieur	0.57%	0.14529914529914545
Mongolie	2015	Femmes_étudiantes_dans_l’enseignement_supérieur	0.58%	0.15966386554621836
Mozambique	2015	Femmes_étudiantes_dans_l’enseignement_supérieur	0.42%	0.1560693641618497
Norvège	2015	Femmes_étudiantes_dans_l’enseignement_supérieur	0.59%	0.1869918699186992
Nouvelle-Zélande	2015	Femmes_étudiantes_dans_l’enseignement_supérieur	0.59%	0.17012448132780067
Népal	2015	Femmes_étudiantes_dans_l’enseignement_supérieur	0.50%	0.00990099009900991
Oman	2015	Femmes_étudiantes_dans_l’enseignement_supérieur	0.65%	0.3031358885017421
Ouzbékistan	2015	Femmes_étudiantes_dans_l’enseignement_supérieur	0.39%	0.22699386503067476
Pakistan	2015	Femmes_étudiantes_dans_l’enseignement_supérieur	0.47%	0.06951871657754016
Palestine	2015	Femmes_étudiantes_dans_l’enseignement_supérieur	0.61%	0.22480620155038755
Panama	2015	Femmes_étudiantes_dans_l’enseignement_supérieur	0.61%	0.22178988326848237
Pays-Bas	2015	Femmes_étudiantes_dans_l’enseignement_supérieur	0.53%	0.06542056074766367
Pologne	2015	Femmes_étudiantes_dans_l’enseignement_supérieur	0.60%	0.20634920634920628
Porto_Rico	2015	Femmes_étudiantes_dans_l’enseignement_supérieur	0.59%	0.17012448132780067
Portugal	2015	Femmes_étudiantes_dans_l’enseignement_supérieur	0.53%	0.06103286384976525
Qatar	2015	Femmes_étudiantes_dans_l’enseignement_supérieur	0.87%	0.7484276729559749
Roumanie	2015	Femmes_étudiantes_dans_l’enseignement_supérieur	0.55%	0.10313901345291487
Royaume-Uni	2015	Femmes_étudiantes_dans_l’enseignement_supérieur	0.57%	0.14529914529914545
Russie	2015	Femmes_étudiantes_dans_l’enseignement_supérieur	0.55%	0.09502262443438902
Rwanda	2015	Femmes_étudiantes_dans_l’enseignement_supérieur	0.44%	0.1235955056179775
République_Dominicaine	2015	Femmes_étudiantes_dans_l’enseignement_supérieur	0.65%	0.295774647887324
République_de_Corée	2015	Femmes_étudiantes_dans_l’enseignement_supérieur	0.44%	0.12994350282485878
Sainte-Lucie	2015	Femmes_étudiantes_dans_l’enseignement_supérieur	0.66%	0.31034482758620685
Sao_Tomé-et-Principe	2015	Femmes_étudiantes_dans_l’enseignement_supérieur	0.51%	0.01477832512315258
Serbie	2015	Femmes_étudiantes_dans_l’enseignement_supérieur	0.57%	0.14163090128755362
Seychelles	2015	Femmes_étudiantes_dans_l’enseignement_supérieur	0.59%	0.17012448132780067
Seychelles	2015	Femmes_étudiantes_dans_l’enseignement_supérieur	0.68%	0.36708860759493667
Slovénie	2015	Femmes_étudiantes_dans_l’enseignement_supérieur	0.60%	0.19028340080971673
Sri_Lanka	2015	Femmes_étudiantes_dans_l’enseignement_supérieur	0.61%	0.21259842519685046
Suisse	2015	Femmes_étudiantes_dans_l’enseignement_supérieur	0.51%	0.01477832512315258
Suède	2015	Femmes_étudiantes_dans_l’enseignement_supérieur	0.60%	0.20948616600790504
Syrie	2015	Femmes_étudiantes_dans_l’enseignement_supérieur	0.53%	0.06542056074766367
Sénégal	2015	Femmes_étudiantes_dans_l’enseignement_supérieur	0.37%	0.2500000000000001
Tadjikistan	2015	Femmes_étudiantes_dans_l’enseignement_supérieur	0.40%	0.19760479041916157
Tanzanie	2015	Femmes_étudiantes_dans_l’enseignement_supérieur	0.34%	0.32450331125827814
Thaïlande	2015	Femmes_étudiantes_dans_l’enseignement_supérieur	0.59%	0.180327868852459
Togo	2015	Femmes_étudiantes_dans_l’enseignement_supérieur	0.30%	0.39860139860139854
Tunisie	2015	Femmes_étudiantes_dans_l’enseignement_supérieur	0.62%	0.24242424242424243
Turquie	2015	Femmes_étudiantes_dans_l’enseignement_supérieur	0.47%	0.06951871657754016
Viêt_Nam	2015	Femmes_étudiantes_dans_l’enseignement_supérieur	0.50%	0.0
Zimbabwe	2015	Femmes_étudiantes_dans_l’enseignement_supérieur	0.47%	0.05263157894736836
Égypte	2015	Femmes_étudiantes_dans_l’enseignement_supérieur	0.49%	0.020408163265306145
Émirats_Arabes_Unis	2015	Femmes_étudiantes_dans_l’enseignement_supérieur	0.68%	0.36305732484076425
Équateur	2015	Femmes_étudiantes_dans_l’enseignement_supérieur	0.54%	0.07407407407407396
Érythrée	2015	Femmes_étudiantes_dans_l’enseignement_supérieur	0.39%	0.21212121212121204
Albanie	2016	Femmes_étudiantes_dans_l’enseignement_supérieur	0.61%	0.22480620155038755
Algérie	2016	Femmes_étudiantes_dans_l’enseignement_supérieur	0.63%	0.25093632958801493
Arabie_Saoudite	2016	Femmes_étudiantes_dans_l’enseignement_supérieur	0.50%	0.0
Arménie	2016	Femmes_étudiantes_dans_l’enseignement_supérieur	0.56%	0.11894273127753308
Australie	2016	Femmes_étudiantes_dans_l’enseignement_supérieur	0.59%	0.17695473251028826
Autriche	2016	Femmes_étudiantes_dans_l’enseignement_supérieur	0.54%	0.08675799086757996
Azerbaïdjan	2016	Femmes_étudiantes_dans_l’enseignement_supérieur	0.54%	0.08675799086757996
Bahrain	2016	Femmes_étudiantes_dans_l’enseignement_supérieur	0.65%	0.3031358885017421
Bangladesh	2016	Femmes_étudiantes_dans_l’enseignement_supérieur	0.41%	0.17647058823529416
Biélorussie	2016	Femmes_étudiantes_dans_l’enseignement_supérieur	0.56%	0.1266375545851528
Botswana	2016	Femmes_étudiantes_dans_l’enseignement_supérieur	0.59%	0.17695473251028826
Brunéi	2016	Femmes_étudiantes_dans_l’enseignement_supérieur	0.62%	0.23076923076923084
Bulgarie	2016	Femmes_étudiantes_dans_l’enseignement_supérieur	0.56%	0.11111111111111116
Burkina_Faso	2016	Femmes_étudiantes_dans_l’enseignement_supérieur	0.34%	0.32450331125827814
Bélize	2016	Femmes_étudiantes_dans_l’enseignement_supérieur	0.62%	0.23664122137404586
Bénin	2016	Femmes_étudiantes_dans_l’enseignement_supérieur	0.30%	0.39860139860139854
Cap-Vert	2016	Femmes_étudiantes_dans_l’enseignement_supérieur	0.59%	0.18367346938775508
Chili	2016	Femmes_étudiantes_dans_l’enseignement_supérieur	0.53%	0.06542056074766367
Chine	2016	Femmes_étudiantes_dans_l’enseignement_supérieur	0.55%	0.09502262443438902
Colombie	2016	Femmes_étudiantes_dans_l’enseignement_supérieur	0.54%	0.07407407407407396
Costa_Rica	2016	Femmes_étudiantes_dans_l’enseignement_supérieur	0.55%	0.10714285714285698
Croatie	2016	Femmes_étudiantes_dans_l’enseignement_supérieur	0.58%	0.15966386554621836
Cuba	2016	Femmes_étudiantes_dans_l’enseignement_supérieur	0.59%	0.17012448132780067
Danemark	2016	Femmes_étudiantes_dans_l’enseignement_supérieur	0.58%	0.15254237288135597
El_Salvador	2016	Femmes_étudiantes_dans_l’enseignement_supérieur	0.53%	0.05660377358490565
Espagne	2016	Femmes_étudiantes_dans_l’enseignement_supérieur	0.54%	0.08675799086757996
Finlande	2016	Femmes_étudiantes_dans_l’enseignement_supérieur	0.54%	0.08675799086757996
Ghana	2016	Femmes_étudiantes_dans_l’enseignement_supérieur	0.42%	0.16279069767441867
Grenade	2016	Femmes_étudiantes_dans_l’enseignement_supérieur	0.56%	0.12280701754385959
Géorgie	2016	Femmes_étudiantes_dans_l’enseignement_supérieur	0.53%	0.06976744186046502
Hongrie	2016	Femmes_étudiantes_dans_l’enseignement_supérieur	0.56%	0.11111111111111116
Inde	2016	Femmes_étudiantes_dans_l’enseignement_supérieur	0.50%	0.0
Indonésie	2016	Femmes_étudiantes_dans_l’enseignement_supérieur	0.53%	0.05213270142180093
Iran	2016	Femmes_étudiantes_dans_l’enseignement_supérieur	0.48%	0.04712041884816753
Israël	2016	Femmes_étudiantes_dans_l’enseignement_supérieur	0.58%	0.16666666666666674
Jordanie	2016	Femmes_étudiantes_dans_l’enseignement_supérieur	0.52%	0.033816425120772875
Kazakhstan	2016	Femmes_étudiantes_dans_l’enseignement_supérieur	0.55%	0.10714285714285698
Kirghizistan	2016	Femmes_étudiantes_dans_l’enseignement_supérieur	0.56%	0.12280701754385959
Laos	2016	Femmes_étudiantes_dans_l’enseignement_supérieur	0.50%	0.0
Liechtenstein	2016	Femmes_étudiantes_dans_l’enseignement_supérieur	0.35%	0.29032258064516125
Lituanie	2016	Femmes_étudiantes_dans_l’enseignement_supérieur	0.58%	0.16666666666666674
Malaisie	2016	Femmes_étudiantes_dans_l’enseignement_supérieur	0.55%	0.09090909090909083
Malte	2016	Femmes_étudiantes_dans_l’enseignement_supérieur	0.58%	0.1561181434599157
Maroc	2016	Femmes_étudiantes_dans_l’enseignement_supérieur	0.48%	0.03626943005181349
Mauritanie	2016	Femmes_étudiantes_dans_l’enseignement_supérieur	0.34%	0.32450331125827814
Mexique	2016	Femmes_étudiantes_dans_l’enseignement_supérieur	0.50%	0.00990099009900991
Mongolie	2016	Femmes_étudiantes_dans_l’enseignement_supérieur	0.58%	0.16317991631799167
Montenegro	2016	Femmes_étudiantes_dans_l’enseignement_supérieur	0.56%	0.11111111111111116
Mozambique	2016	Femmes_étudiantes_dans_l’enseignement_supérieur	0.44%	0.11731843575418988
Norvège	2016	Femmes_étudiantes_dans_l’enseignement_supérieur	0.60%	0.19354838709677424
Nouvelle-Zélande	2016	Femmes_étudiantes_dans_l’enseignement_supérieur	0.59%	0.17012448132780067
Népal	2016	Femmes_étudiantes_dans_l’enseignement_supérieur	0.52%	0.033816425120772875
Oman	2016	Femmes_étudiantes_dans_l’enseignement_supérieur	0.65%	0.2907801418439715
Ouzbékistan	2016	Femmes_étudiantes_dans_l’enseignement_supérieur	0.39%	0.21212121212121204
Pakistan	2016	Femmes_étudiantes_dans_l’enseignement_supérieur	0.47%	0.06951871657754016
Palestine	2016	Femmes_étudiantes_dans_l’enseignement_supérieur	0.61%	0.227799227799228
Pays-Bas	2016	Femmes_étudiantes_dans_l’enseignement_supérieur	0.53%	0.06103286384976525
Pologne	2016	Femmes_étudiantes_dans_l’enseignement_supérieur	0.60%	0.20318725099601598
Portugal	2016	Femmes_étudiantes_dans_l’enseignement_supérieur	0.53%	0.05660377358490565
Qatar	2016	Femmes_étudiantes_dans_l’enseignement_supérieur	0.88%	0.7610513739545997
Roumanie	2016	Femmes_étudiantes_dans_l’enseignement_supérieur	0.55%	0.10714285714285698
Russie	2016	Femmes_étudiantes_dans_l’enseignement_supérieur	0.55%	0.09090909090909083
Rwanda	2016	Femmes_étudiantes_dans_l’enseignement_supérieur	0.43%	0.13636363636363635
République_Dominicaine	2016	Femmes_étudiantes_dans_l’enseignement_supérieur	0.64%	0.2831541218637994
Sainte-Lucie	2016	Femmes_étudiantes_dans_l’enseignement_supérieur	0.66%	0.32203389830508455
Serbie	2016	Femmes_étudiantes_dans_l’enseignement_supérieur	0.57%	0.1341991341991342
Seychelles	2016	Femmes_étudiantes_dans_l’enseignement_supérieur	0.65%	0.29824561403508776
Sri_Lanka	2016	Femmes_étudiantes_dans_l’enseignement_supérieur	0.61%	0.21568627450980404
Suisse	2016	Femmes_étudiantes_dans_l’enseignement_supérieur	0.50%	0.00990099009900991
Syrie	2016	Femmes_étudiantes_dans_l’enseignement_supérieur	0.54%	0.08675799086757996
Sénégal	2016	Femmes_étudiantes_dans_l’enseignement_supérieur	0.37%	0.2500000000000001
Tadjikistan	2016	Femmes_étudiantes_dans_l’enseignement_supérieur	0.42%	0.16959064327485385
Togo	2016	Femmes_étudiantes_dans_l’enseignement_supérieur	0.30%	0.39860139860139854
Tunisie	2016	Femmes_étudiantes_dans_l’enseignement_supérieur	0.63%	0.26199261992619927
Viêt_Nam	2016	Femmes_étudiantes_dans_l’enseignement_supérieur	0.55%	0.10714285714285698
Égypte	2016	Femmes_étudiantes_dans_l’enseignement_supérieur	0.50%	0.00990099009900991
Émirats_Arabes_Unis	2016	Femmes_étudiantes_dans_l’enseignement_supérieur	0.67%	0.3311036789297659
Érythrée	2016	Femmes_étudiantes_dans_l’enseignement_supérieur	0.42%	0.16959064327485385
Afghanistan	2014	Filles_étudiantes_dans_l’enseignement_primaire	0.41%	0.17647058823529416
Afrique_du_Sud	2014	Filles_étudiantes_dans_l’enseignement_primaire	0.49%	0.020408163265306145
Albanie	2014	Filles_étudiantes_dans_l’enseignement_primaire	0.49%	0.010101010101010055
Algérie	2014	Filles_étudiantes_dans_l’enseignement_primaire	0.49%	0.02564102564102566
Allemagne	2014	Filles_étudiantes_dans_l’enseignement_primaire	0.50%	0.005025125628140725
Antigua-et-Barbuda	2014	Filles_étudiantes_dans_l’enseignement_primaire	0.48%	0.03626943005181349
Arabie_Saoudite	2014	Filles_étudiantes_dans_l’enseignement_primaire	0.49%	0.015228426395939132
Argentine	2014	Filles_étudiantes_dans_l’enseignement_primaire	0.50%	0.0
Australie	2014	Filles_étudiantes_dans_l’enseignement_primaire	0.50%	0.0
Autriche	2014	Filles_étudiantes_dans_l’enseignement_primaire	0.50%	0.005025125628140725
Azerbaïdjan	2014	Filles_étudiantes_dans_l’enseignement_primaire	0.50%	0.005025125628140725
Bahrain	2014	Filles_étudiantes_dans_l’enseignement_primaire	0.50%	0.00990099009900991
Barbade	2014	Filles_étudiantes_dans_l’enseignement_primaire	0.50%	0.004975124378109541
Belgique	2014	Filles_étudiantes_dans_l’enseignement_primaire	0.50%	0.0
Bermuda	2014	Filles_étudiantes_dans_l’enseignement_primaire	0.49%	0.015228426395939132
Bhoutan	2014	Filles_étudiantes_dans_l’enseignement_primaire	0.50%	0.00990099009900991
Birmanie	2014	Filles_étudiantes_dans_l’enseignement_primaire	0.49%	0.015228426395939132
Biélorussie	2014	Filles_étudiantes_dans_l’enseignement_primaire	0.50%	0.0
Bolivie	2014	Filles_étudiantes_dans_l’enseignement_primaire	0.49%	0.015228426395939132
Botswana	2014	Filles_étudiantes_dans_l’enseignement_primaire	0.49%	0.015228426395939132
Brunéi	2014	Filles_étudiantes_dans_l’enseignement_primaire	0.50%	0.0
Brésil	2014	Filles_étudiantes_dans_l’enseignement_primaire	0.49%	0.020408163265306145
Bulgarie	2014	Filles_étudiantes_dans_l’enseignement_primaire	0.50%	0.005025125628140725
Burkina_Faso	2014	Filles_étudiantes_dans_l’enseignement_primaire	0.49%	0.015228426395939132
Burundi	2014	Filles_étudiantes_dans_l’enseignement_primaire	0.50%	0.004975124378109541
Bélize	2014	Filles_étudiantes_dans_l’enseignement_primaire	0.49%	0.02564102564102566
Bénin	2014	Filles_étudiantes_dans_l’enseignement_primaire	0.48%	0.04166666666666663
Cambodge	2014	Filles_étudiantes_dans_l’enseignement_primaire	0.49%	0.02564102564102566
Cameroun	2014	Filles_étudiantes_dans_l’enseignement_primaire	0.47%	0.05820105820105825
Canada	2014	Filles_étudiantes_dans_l’enseignement_primaire	0.50%	0.004975124378109541
Cap-Vert	2014	Filles_étudiantes_dans_l’enseignement_primaire	0.48%	0.03626943005181349
Chad	2014	Filles_étudiantes_dans_l’enseignement_primaire	0.43%	0.13636363636363635
Chili	2014	Filles_étudiantes_dans_l’enseignement_primaire	0.49%	0.015228426395939132
Chine	2014	Filles_étudiantes_dans_l’enseignement_primaire	0.50%	0.0
Chypre	2014	Filles_étudiantes_dans_l’enseignement_primaire	0.50%	0.004975124378109541
Colombie	2014	Filles_étudiantes_dans_l’enseignement_primaire	0.49%	0.015228426395939132
Comores	2014	Filles_étudiantes_dans_l’enseignement_primaire	0.48%	0.03626943005181349
Costa_Rica	2014	Filles_étudiantes_dans_l’enseignement_primaire	0.50%	0.005025125628140725
Croatie	2014	Filles_étudiantes_dans_l’enseignement_primaire	0.50%	0.0
Cuba	2014	Filles_étudiantes_dans_l’enseignement_primaire	0.49%	0.02564102564102566
Côte_d-**-Ivoire	2014	Filles_étudiantes_dans_l’enseignement_primaire	0.47%	0.06951871657754016
Danemark	2014	Filles_étudiantes_dans_l’enseignement_primaire	0.50%	0.005025125628140725
Djibouti	2014	Filles_étudiantes_dans_l’enseignement_primaire	0.47%	0.06951871657754016
El_Salvador	2014	Filles_étudiantes_dans_l’enseignement_primaire	0.49%	0.020408163265306145
Espagne	2014	Filles_étudiantes_dans_l’enseignement_primaire	0.50%	0.004975124378109541
Estonie	2014	Filles_étudiantes_dans_l’enseignement_primaire	0.50%	0.0
Eswatini	2014	Filles_étudiantes_dans_l’enseignement_primaire	0.48%	0.04712041884816753
Finlande	2014	Filles_étudiantes_dans_l’enseignement_primaire	0.50%	0.0
France	2014	Filles_étudiantes_dans_l’enseignement_primaire	0.50%	0.0
Gambie	2014	Filles_étudiantes_dans_l’enseignement_primaire	0.51%	0.029126213592232997
Ghana	2014	Filles_étudiantes_dans_l’enseignement_primaire	0.50%	0.0
Grenade	2014	Filles_étudiantes_dans_l’enseignement_primaire	0.49%	0.010101010101010055
Grèce	2014	Filles_étudiantes_dans_l’enseignement_primaire	0.50%	0.005025125628140725
Guatemala	2014	Filles_étudiantes_dans_l’enseignement_primaire	0.49%	0.015228426395939132
Guinée	2014	Filles_étudiantes_dans_l’enseignement_primaire	0.46%	0.08108108108108114
Géorgie	2014	Filles_étudiantes_dans_l’enseignement_primaire	0.50%	0.005025125628140725
Honduras	2014	Filles_étudiantes_dans_l’enseignement_primaire	0.49%	0.010101010101010055
Hongrie	2014	Filles_étudiantes_dans_l’enseignement_primaire	0.50%	0.005025125628140725
Inde	2014	Filles_étudiantes_dans_l’enseignement_primaire	0.53%	0.05213270142180093
Indonésie	2014	Filles_étudiantes_dans_l’enseignement_primaire	0.49%	0.010101010101010055
Iran	2014	Filles_étudiantes_dans_l’enseignement_primaire	0.51%	0.024390243902439046
Irlande	2014	Filles_étudiantes_dans_l’enseignement_primaire	0.50%	0.0
Islande	2014	Filles_étudiantes_dans_l’enseignement_primaire	0.50%	0.005025125628140725
Israël	2014	Filles_étudiantes_dans_l’enseignement_primaire	0.50%	0.0
Italie	2014	Filles_étudiantes_dans_l’enseignement_primaire	0.50%	0.005025125628140725
Japon	2014	Filles_étudiantes_dans_l’enseignement_primaire	0.50%	0.0
Kazakhstan	2014	Filles_étudiantes_dans_l’enseignement_primaire	0.50%	0.0
Kenya	2014	Filles_étudiantes_dans_l’enseignement_primaire	0.50%	0.004975124378109541
Kirghizistan	2014	Filles_étudiantes_dans_l’enseignement_primaire	0.50%	0.005025125628140725
Kiribati	2014	Filles_étudiantes_dans_l’enseignement_primaire	0.51%	0.019607843137254832
Koweït	2014	Filles_étudiantes_dans_l’enseignement_primaire	0.51%	0.01477832512315258
Laos	2014	Filles_étudiantes_dans_l’enseignement_primaire	0.49%	0.02564102564102566
Lesotho	2014	Filles_étudiantes_dans_l’enseignement_primaire	0.49%	0.015228426395939132
Lettonie	2014	Filles_étudiantes_dans_l’enseignement_primaire	0.50%	0.005025125628140725
Liban	2014	Filles_étudiantes_dans_l’enseignement_primaire	0.48%	0.04166666666666663
Libéria	2014	Filles_étudiantes_dans_l’enseignement_primaire	0.48%	0.04166666666666663
Liechtenstein	2014	Filles_étudiantes_dans_l’enseignement_primaire	0.50%	0.005025125628140725
Lituanie	2014	Filles_étudiantes_dans_l’enseignement_primaire	0.50%	0.0
Luxembourg	2014	Filles_étudiantes_dans_l’enseignement_primaire	0.50%	0.0
Madagascar	2014	Filles_étudiantes_dans_l’enseignement_primaire	0.50%	0.0
Malaisie	2014	Filles_étudiantes_dans_l’enseignement_primaire	0.50%	0.0
Malawi	2014	Filles_étudiantes_dans_l’enseignement_primaire	0.50%	0.00990099009900991
Mali	2014	Filles_étudiantes_dans_l’enseignement_primaire	0.47%	0.05820105820105825
Malte	2014	Filles_étudiantes_dans_l’enseignement_primaire	0.50%	0.00990099009900991
Maroc	2014	Filles_étudiantes_dans_l’enseignement_primaire	0.49%	0.02564102564102566
Maurice	2014	Filles_étudiantes_dans_l’enseignement_primaire	0.50%	0.00990099009900991
Mauritanie	2014	Filles_étudiantes_dans_l’enseignement_primaire	0.51%	0.029126213592232997
Mexique	2014	Filles_étudiantes_dans_l’enseignement_primaire	0.50%	0.004975124378109541
Moldavie	2014	Filles_étudiantes_dans_l’enseignement_primaire	0.50%	0.0
Mongolie	2014	Filles_étudiantes_dans_l’enseignement_primaire	0.49%	0.010101010101010055
Mozambique	2014	Filles_étudiantes_dans_l’enseignement_primaire	0.48%	0.04166666666666663
Nauru	2014	Filles_étudiantes_dans_l’enseignement_primaire	0.48%	0.04166666666666663
Niger	2014	Filles_étudiantes_dans_l’enseignement_primaire	0.46%	0.08108108108108114
Niue	2014	Filles_étudiantes_dans_l’enseignement_primaire	0.49%	0.010101010101010055
Norvège	2014	Filles_étudiantes_dans_l’enseignement_primaire	0.50%	0.0
Nouvelle-Zélande	2014	Filles_étudiantes_dans_l’enseignement_primaire	0.50%	0.0
Népal	2014	Filles_étudiantes_dans_l’enseignement_primaire	0.52%	0.03846153846153855
Oman	2014	Filles_étudiantes_dans_l’enseignement_primaire	0.51%	0.029126213592232997
Ouzbékistan	2014	Filles_étudiantes_dans_l’enseignement_primaire	0.49%	0.010101010101010055
Pakistan	2014	Filles_étudiantes_dans_l’enseignement_primaire	0.46%	0.08108108108108114
Palestine	2014	Filles_étudiantes_dans_l’enseignement_primaire	0.50%	0.005025125628140725
Panama	2014	Filles_étudiantes_dans_l’enseignement_primaire	0.49%	0.015228426395939132
Pays-Bas	2014	Filles_étudiantes_dans_l’enseignement_primaire	0.50%	0.0
Pologne	2014	Filles_étudiantes_dans_l’enseignement_primaire	0.50%	0.0
Porto_Rico	2014	Filles_étudiantes_dans_l’enseignement_primaire	0.50%	0.004975124378109541
Portugal	2014	Filles_étudiantes_dans_l’enseignement_primaire	0.49%	0.020408163265306145
Pérou	2014	Filles_étudiantes_dans_l’enseignement_primaire	0.50%	0.0
Qatar	2014	Filles_étudiantes_dans_l’enseignement_primaire	0.51%	0.01477832512315258
Royaume-Uni	2014	Filles_étudiantes_dans_l’enseignement_primaire	0.50%	0.0
Russie	2014	Filles_étudiantes_dans_l’enseignement_primaire	0.50%	0.004975124378109541
Rwanda	2014	Filles_étudiantes_dans_l’enseignement_primaire	0.50%	0.00990099009900991
République_Dominicaine	2014	Filles_étudiantes_dans_l’enseignement_primaire	0.48%	0.04712041884816753
République_de_Corée	2014	Filles_étudiantes_dans_l’enseignement_primaire	0.50%	0.004975124378109541
République_démocratique_du_Congo	2014	Filles_étudiantes_dans_l’enseignement_primaire	0.48%	0.04712041884816753
Samoa	2014	Filles_étudiantes_dans_l’enseignement_primaire	0.50%	0.0
Sao_Tomé-et-Principe	2014	Filles_étudiantes_dans_l’enseignement_primaire	0.49%	0.020408163265306145
Serbie	2014	Filles_étudiantes_dans_l’enseignement_primaire	0.50%	0.0
Seychelles	2014	Filles_étudiantes_dans_l’enseignement_primaire	0.50%	0.0
Seychelles	2014	Filles_étudiantes_dans_l’enseignement_primaire	0.49%	0.010101010101010055
Slovaquie	2014	Filles_étudiantes_dans_l’enseignement_primaire	0.50%	0.005025125628140725
Slovénie	2014	Filles_étudiantes_dans_l’enseignement_primaire	0.50%	0.0
Sri_Lanka	2014	Filles_étudiantes_dans_l’enseignement_primaire	0.49%	0.010101010101010055
Suisse	2014	Filles_étudiantes_dans_l’enseignement_primaire	0.50%	0.0
Suriname	2014	Filles_étudiantes_dans_l’enseignement_primaire	0.50%	0.004975124378109541
Suède	2014	Filles_étudiantes_dans_l’enseignement_primaire	0.51%	0.029126213592232997
Sénégal	2014	Filles_étudiantes_dans_l’enseignement_primaire	0.53%	0.05660377358490565
Tadjikistan	2014	Filles_étudiantes_dans_l’enseignement_primaire	0.50%	0.005025125628140725
Tanzanie	2014	Filles_étudiantes_dans_l’enseignement_primaire	0.50%	0.00990099009900991
Thaïlande	2014	Filles_étudiantes_dans_l’enseignement_primaire	0.50%	0.004975124378109541
Timor_Oriental	2014	Filles_étudiantes_dans_l’enseignement_primaire	0.50%	0.005025125628140725
Togo	2014	Filles_étudiantes_dans_l’enseignement_primaire	0.48%	0.030927835051546393
Tonga	2014	Filles_étudiantes_dans_l’enseignement_primaire	0.50%	0.005025125628140725
Tunisie	2014	Filles_étudiantes_dans_l’enseignement_primaire	0.49%	0.015228426395939132
Turkménistan	2014	Filles_étudiantes_dans_l’enseignement_primaire	0.49%	0.010101010101010055
Turquie	2014	Filles_étudiantes_dans_l’enseignement_primaire	0.50%	0.0
Tuvalu	2014	Filles_étudiantes_dans_l’enseignement_primaire	0.50%	0.005025125628140725
Ukraine	2014	Filles_étudiantes_dans_l’enseignement_primaire	0.50%	0.00990099009900991
Uruguay	2014	Filles_étudiantes_dans_l’enseignement_primaire	0.49%	0.010101010101010055
Venezuela	2014	Filles_étudiantes_dans_l’enseignement_primaire	0.49%	0.010101010101010055
Viêt_Nam	2014	Filles_étudiantes_dans_l’enseignement_primaire	0.50%	0.005025125628140725
Égypte	2014	Filles_étudiantes_dans_l’enseignement_primaire	0.50%	0.0
Émirats_Arabes_Unis	2014	Filles_étudiantes_dans_l’enseignement_primaire	0.51%	0.01477832512315258
Équateur	2014	Filles_étudiantes_dans_l’enseignement_primaire	0.50%	0.0
Érythrée	2014	Filles_étudiantes_dans_l’enseignement_primaire	0.46%	0.08108108108108114
États-Unis	2014	Filles_étudiantes_dans_l’enseignement_primaire	0.50%	0.0
Éthiopie	2014	Filles_étudiantes_dans_l’enseignement_primaire	0.48%	0.04166666666666663
Îles_Cook	2014	Filles_étudiantes_dans_l’enseignement_primaire	0.49%	0.020408163265306145
Afghanistan	2015	Filles_étudiantes_dans_l’enseignement_primaire	0.41%	0.18343195266272194
Afrique_du_Sud	2015	Filles_étudiantes_dans_l’enseignement_primaire	0.48%	0.03626943005181349
Albanie	2015	Filles_étudiantes_dans_l’enseignement_primaire	0.49%	0.015228426395939132
Algérie	2015	Filles_étudiantes_dans_l’enseignement_primaire	0.49%	0.02564102564102566
Allemagne	2015	Filles_étudiantes_dans_l’enseignement_primaire	0.50%	0.005025125628140725
Antigua-et-Barbuda	2015	Filles_étudiantes_dans_l’enseignement_primaire	0.48%	0.030927835051546393
Arabie_Saoudite	2015	Filles_étudiantes_dans_l’enseignement_primaire	0.50%	0.004975124378109541
Argentine	2015	Filles_étudiantes_dans_l’enseignement_primaire	0.50%	0.0
Arménie	2015	Filles_étudiantes_dans_l’enseignement_primaire	0.50%	0.00990099009900991
Australie	2015	Filles_étudiantes_dans_l’enseignement_primaire	0.50%	0.0
Autriche	2015	Filles_étudiantes_dans_l’enseignement_primaire	0.50%	0.005025125628140725
Azerbaïdjan	2015	Filles_étudiantes_dans_l’enseignement_primaire	0.49%	0.010101010101010055
Bahrain	2015	Filles_étudiantes_dans_l’enseignement_primaire	0.50%	0.004975124378109541
Bangladesh	2015	Filles_étudiantes_dans_l’enseignement_primaire	0.52%	0.03846153846153855
Barbade	2015	Filles_étudiantes_dans_l’enseignement_primaire	0.50%	0.0
Belgique	2015	Filles_étudiantes_dans_l’enseignement_primaire	0.50%	0.0
Bermuda	2015	Filles_étudiantes_dans_l’enseignement_primaire	0.49%	0.010101010101010055
Bhoutan	2015	Filles_étudiantes_dans_l’enseignement_primaire	0.50%	0.004975124378109541
Biélorussie	2015	Filles_étudiantes_dans_l’enseignement_primaire	0.50%	0.0
Bolivie	2015	Filles_étudiantes_dans_l’enseignement_primaire	0.49%	0.015228426395939132
Brunéi	2015	Filles_étudiantes_dans_l’enseignement_primaire	0.50%	0.005025125628140725
Brésil	2015	Filles_étudiantes_dans_l’enseignement_primaire	0.49%	0.015228426395939132
Bulgarie	2015	Filles_étudiantes_dans_l’enseignement_primaire	0.50%	0.005025125628140725
Burkina_Faso	2015	Filles_étudiantes_dans_l’enseignement_primaire	0.49%	0.015228426395939132
Burundi	2015	Filles_étudiantes_dans_l’enseignement_primaire	0.50%	0.004975124378109541
Bélize	2015	Filles_étudiantes_dans_l’enseignement_primaire	0.49%	0.02564102564102566
Bénin	2015	Filles_étudiantes_dans_l’enseignement_primaire	0.48%	0.03626943005181349
Cambodge	2015	Filles_étudiantes_dans_l’enseignement_primaire	0.50%	0.005025125628140725
Cameroun	2015	Filles_étudiantes_dans_l’enseignement_primaire	0.47%	0.05263157894736836
Canada	2015	Filles_étudiantes_dans_l’enseignement_primaire	0.50%	0.004975124378109541
Cap-Vert	2015	Filles_étudiantes_dans_l’enseignement_primaire	0.48%	0.03626943005181349
Chad	2015	Filles_étudiantes_dans_l’enseignement_primaire	0.44%	0.1235955056179775
Chili	2015	Filles_étudiantes_dans_l’enseignement_primaire	0.49%	0.015228426395939132
Chine	2015	Filles_étudiantes_dans_l’enseignement_primaire	0.50%	0.0
Chypre	2015	Filles_étudiantes_dans_l’enseignement_primaire	0.50%	0.0
Colombie	2015	Filles_étudiantes_dans_l’enseignement_primaire	0.49%	0.015228426395939132
Costa_Rica	2015	Filles_étudiantes_dans_l’enseignement_primaire	0.50%	0.005025125628140725
Croatie	2015	Filles_étudiantes_dans_l’enseignement_primaire	0.50%	0.0
Cuba	2015	Filles_étudiantes_dans_l’enseignement_primaire	0.48%	0.030927835051546393
Côte_d-**-Ivoire	2015	Filles_étudiantes_dans_l’enseignement_primaire	0.47%	0.06382978723404253
Danemark	2015	Filles_étudiantes_dans_l’enseignement_primaire	0.50%	0.005025125628140725
Djibouti	2015	Filles_étudiantes_dans_l’enseignement_primaire	0.47%	0.05820105820105825
El_Salvador	2015	Filles_étudiantes_dans_l’enseignement_primaire	0.49%	0.020408163265306145
Espagne	2015	Filles_étudiantes_dans_l’enseignement_primaire	0.50%	0.004975124378109541
Estonie	2015	Filles_étudiantes_dans_l’enseignement_primaire	0.50%	0.0
Eswatini	2015	Filles_étudiantes_dans_l’enseignement_primaire	0.48%	0.04712041884816753
Fidji	2015	Filles_étudiantes_dans_l’enseignement_primaire	0.50%	0.005025125628140725
Finlande	2015	Filles_étudiantes_dans_l’enseignement_primaire	0.50%	0.005025125628140725
France	2015	Filles_étudiantes_dans_l’enseignement_primaire	0.50%	0.0
Gambie	2015	Filles_étudiantes_dans_l’enseignement_primaire	0.52%	0.033816425120772875
Ghana	2015	Filles_étudiantes_dans_l’enseignement_primaire	0.50%	0.0
Grenade	2015	Filles_étudiantes_dans_l’enseignement_primaire	0.49%	0.020408163265306145
Grèce	2015	Filles_étudiantes_dans_l’enseignement_primaire	0.50%	0.005025125628140725
Guatemala	2015	Filles_étudiantes_dans_l’enseignement_primaire	0.49%	0.015228426395939132
Guinée_équatoriale	2015	Filles_étudiantes_dans_l’enseignement_primaire	0.50%	0.005025125628140725
Géorgie	2015	Filles_étudiantes_dans_l’enseignement_primaire	0.50%	0.0
Honduras	2015	Filles_étudiantes_dans_l’enseignement_primaire	0.50%	0.005025125628140725
Hongrie	2015	Filles_étudiantes_dans_l’enseignement_primaire	0.50%	0.0
Inde	2015	Filles_étudiantes_dans_l’enseignement_primaire	0.53%	0.05660377358490565
Indonésie	2015	Filles_étudiantes_dans_l’enseignement_primaire	0.49%	0.015228426395939132
Iran	2015	Filles_étudiantes_dans_l’enseignement_primaire	0.51%	0.024390243902439046
Irlande	2015	Filles_étudiantes_dans_l’enseignement_primaire	0.50%	0.0
Islande	2015	Filles_étudiantes_dans_l’enseignement_primaire	0.50%	0.0
Israël	2015	Filles_étudiantes_dans_l’enseignement_primaire	0.50%	0.004975124378109541
Italie	2015	Filles_étudiantes_dans_l’enseignement_primaire	0.50%	0.005025125628140725
Japon	2015	Filles_étudiantes_dans_l’enseignement_primaire	0.50%	0.0
Kazakhstan	2015	Filles_étudiantes_dans_l’enseignement_primaire	0.50%	0.0
Kenya	2015	Filles_étudiantes_dans_l’enseignement_primaire	0.50%	0.0
Kirghizistan	2015	Filles_étudiantes_dans_l’enseignement_primaire	0.50%	0.005025125628140725
Kiribati	2015	Filles_étudiantes_dans_l’enseignement_primaire	0.51%	0.01477832512315258
Koweït	2015	Filles_étudiantes_dans_l’enseignement_primaire	0.51%	0.019607843137254832
Laos	2015	Filles_étudiantes_dans_l’enseignement_primaire	0.49%	0.020408163265306145
Lesotho	2015	Filles_étudiantes_dans_l’enseignement_primaire	0.49%	0.015228426395939132
Lettonie	2015	Filles_étudiantes_dans_l’enseignement_primaire	0.50%	0.005025125628140725
Liban	2015	Filles_étudiantes_dans_l’enseignement_primaire	0.48%	0.04712041884816753
Libéria	2015	Filles_étudiantes_dans_l’enseignement_primaire	0.47%	0.05263157894736836
Liechtenstein	2015	Filles_étudiantes_dans_l’enseignement_primaire	0.49%	0.010101010101010055
Lituanie	2015	Filles_étudiantes_dans_l’enseignement_primaire	0.50%	0.0
Luxembourg	2015	Filles_étudiantes_dans_l’enseignement_primaire	0.50%	0.0
Madagascar	2015	Filles_étudiantes_dans_l’enseignement_primaire	0.50%	0.0
Malaisie	2015	Filles_étudiantes_dans_l’enseignement_primaire	0.50%	0.0
Malawi	2015	Filles_étudiantes_dans_l’enseignement_primaire	0.50%	0.00990099009900991
Maldives	2015	Filles_étudiantes_dans_l’enseignement_primaire	0.49%	0.010101010101010055
Mali	2015	Filles_étudiantes_dans_l’enseignement_primaire	0.47%	0.05263157894736836
Malte	2015	Filles_étudiantes_dans_l’enseignement_primaire	0.50%	0.00990099009900991
Maroc	2015	Filles_étudiantes_dans_l’enseignement_primaire	0.49%	0.02564102564102566
Maurice	2015	Filles_étudiantes_dans_l’enseignement_primaire	0.50%	0.00990099009900991
Mauritanie	2015	Filles_étudiantes_dans_l’enseignement_primaire	0.51%	0.024390243902439046
Mexique	2015	Filles_étudiantes_dans_l’enseignement_primaire	0.50%	0.004975124378109541
Moldavie	2015	Filles_étudiantes_dans_l’enseignement_primaire	0.50%	0.005025125628140725
Mongolie	2015	Filles_étudiantes_dans_l’enseignement_primaire	0.49%	0.010101010101010055
Montenegro	2015	Filles_étudiantes_dans_l’enseignement_primaire	0.50%	0.005025125628140725
Mozambique	2015	Filles_étudiantes_dans_l’enseignement_primaire	0.48%	0.04166666666666663
Niger	2015	Filles_étudiantes_dans_l’enseignement_primaire	0.46%	0.08108108108108114
Niue	2015	Filles_étudiantes_dans_l’enseignement_primaire	0.45%	0.09890109890109888
Norvège	2015	Filles_étudiantes_dans_l’enseignement_primaire	0.50%	0.0
Nouvelle-Zélande	2015	Filles_étudiantes_dans_l’enseignement_primaire	0.50%	0.004975124378109541
Népal	2015	Filles_étudiantes_dans_l’enseignement_primaire	0.52%	0.03846153846153855
Oman	2015	Filles_étudiantes_dans_l’enseignement_primaire	0.51%	0.019607843137254832
Ouganda	2015	Filles_étudiantes_dans_l’enseignement_primaire	0.50%	0.00990099009900991
Ouzbékistan	2015	Filles_étudiantes_dans_l’enseignement_primaire	0.49%	0.010101010101010055
Pakistan	2015	Filles_étudiantes_dans_l’enseignement_primaire	0.46%	0.08108108108108114
Palestine	2015	Filles_étudiantes_dans_l’enseignement_primaire	0.50%	0.0
Panama	2015	Filles_étudiantes_dans_l’enseignement_primaire	0.49%	0.015228426395939132
Pays-Bas	2015	Filles_étudiantes_dans_l’enseignement_primaire	0.50%	0.0
Philippines	2015	Filles_étudiantes_dans_l’enseignement_primaire	0.49%	0.015228426395939132
Pologne	2015	Filles_étudiantes_dans_l’enseignement_primaire	0.50%	0.004975124378109541
Porto_Rico	2015	Filles_étudiantes_dans_l’enseignement_primaire	0.50%	0.00990099009900991
Portugal	2015	Filles_étudiantes_dans_l’enseignement_primaire	0.49%	0.020408163265306145
Pérou	2015	Filles_étudiantes_dans_l’enseignement_primaire	0.50%	0.0
Qatar	2015	Filles_étudiantes_dans_l’enseignement_primaire	0.50%	0.004975124378109541
Roumanie	2015	Filles_étudiantes_dans_l’enseignement_primaire	0.49%	0.010101010101010055
Royaume-Uni	2015	Filles_étudiantes_dans_l’enseignement_primaire	0.50%	0.0
Russie	2015	Filles_étudiantes_dans_l’enseignement_primaire	0.50%	0.004975124378109541
Rwanda	2015	Filles_étudiantes_dans_l’enseignement_primaire	0.50%	0.004975124378109541
République_Dominicaine	2015	Filles_étudiantes_dans_l’enseignement_primaire	0.48%	0.04712041884816753
République_de_Corée	2015	Filles_étudiantes_dans_l’enseignement_primaire	0.50%	0.0
République_démocratique_du_Congo	2015	Filles_étudiantes_dans_l’enseignement_primaire	0.50%	0.005025125628140725
Samoa	2015	Filles_étudiantes_dans_l’enseignement_primaire	0.50%	0.0
Sao_Tomé-et-Principe	2015	Filles_étudiantes_dans_l’enseignement_primaire	0.49%	0.020408163265306145
Serbie	2015	Filles_étudiantes_dans_l’enseignement_primaire	0.50%	0.0
Seychelles	2015	Filles_étudiantes_dans_l’enseignement_primaire	0.50%	0.0
Seychelles	2015	Filles_étudiantes_dans_l’enseignement_primaire	0.50%	0.005025125628140725
Sierra_Leone	2015	Filles_étudiantes_dans_l’enseignement_primaire	0.50%	0.004975124378109541
Slovaquie	2015	Filles_étudiantes_dans_l’enseignement_primaire	0.50%	0.005025125628140725
Slovénie	2015	Filles_étudiantes_dans_l’enseignement_primaire	0.50%	0.0
Soudan_du_Sud	2015	Filles_étudiantes_dans_l’enseignement_primaire	0.42%	0.16959064327485385
Sri_Lanka	2015	Filles_étudiantes_dans_l’enseignement_primaire	0.49%	0.010101010101010055
Sudan	2015	Filles_étudiantes_dans_l’enseignement_primaire	0.48%	0.04166666666666663
Suisse	2015	Filles_étudiantes_dans_l’enseignement_primaire	0.50%	0.0
Suriname	2015	Filles_étudiantes_dans_l’enseignement_primaire	0.50%	0.004975124378109541
Suède	2015	Filles_étudiantes_dans_l’enseignement_primaire	0.51%	0.019607843137254832
Sénégal	2015	Filles_étudiantes_dans_l’enseignement_primaire	0.53%	0.05660377358490565
Tadjikistan	2015	Filles_étudiantes_dans_l’enseignement_primaire	0.50%	0.005025125628140725
Tanzanie	2015	Filles_étudiantes_dans_l’enseignement_primaire	0.51%	0.01477832512315258
Thaïlande	2015	Filles_étudiantes_dans_l’enseignement_primaire	0.48%	0.030927835051546393
Timor_Oriental	2015	Filles_étudiantes_dans_l’enseignement_primaire	0.50%	0.005025125628140725
Togo	2015	Filles_étudiantes_dans_l’enseignement_primaire	0.49%	0.02564102564102566
Tunisie	2015	Filles_étudiantes_dans_l’enseignement_primaire	0.49%	0.015228426395939132
Turquie	2015	Filles_étudiantes_dans_l’enseignement_primaire	0.50%	0.005025125628140725
Tuvalu	2015	Filles_étudiantes_dans_l’enseignement_primaire	0.50%	0.005025125628140725
Uruguay	2015	Filles_étudiantes_dans_l’enseignement_primaire	0.49%	0.010101010101010055
Vanuatu	2015	Filles_étudiantes_dans_l’enseignement_primaire	0.49%	0.010101010101010055
Venezuela	2015	Filles_étudiantes_dans_l’enseignement_primaire	0.49%	0.015228426395939132
Viêt_Nam	2015	Filles_étudiantes_dans_l’enseignement_primaire	0.50%	0.005025125628140725
Émirats_Arabes_Unis	2015	Filles_étudiantes_dans_l’enseignement_primaire	0.50%	0.004975124378109541
Équateur	2015	Filles_étudiantes_dans_l’enseignement_primaire	0.50%	0.0
Érythrée	2015	Filles_étudiantes_dans_l’enseignement_primaire	0.46%	0.07526881720430101
États-Unis	2015	Filles_étudiantes_dans_l’enseignement_primaire	0.50%	0.0
Éthiopie	2015	Filles_étudiantes_dans_l’enseignement_primaire	0.48%	0.04712041884816753
Îles_Cook	2015	Filles_étudiantes_dans_l’enseignement_primaire	0.48%	0.04712041884816753
Îles_Marshall	2015	Filles_étudiantes_dans_l’enseignement_primaire	0.50%	0.0
Albanie	2016	Filles_étudiantes_dans_l’enseignement_primaire	0.49%	0.015228426395939132
Algérie	2016	Filles_étudiantes_dans_l’enseignement_primaire	0.49%	0.02564102564102566
Arabie_Saoudite	2016	Filles_étudiantes_dans_l’enseignement_primaire	0.49%	0.010101010101010055
Arménie	2016	Filles_étudiantes_dans_l’enseignement_primaire	0.50%	0.004975124378109541
Australie	2016	Filles_étudiantes_dans_l’enseignement_primaire	0.50%	0.0
Autriche	2016	Filles_étudiantes_dans_l’enseignement_primaire	0.50%	0.005025125628140725
Azerbaïdjan	2016	Filles_étudiantes_dans_l’enseignement_primaire	0.50%	0.005025125628140725
Bahamas	2016	Filles_étudiantes_dans_l’enseignement_primaire	0.51%	0.024390243902439046
Bahrain	2016	Filles_étudiantes_dans_l’enseignement_primaire	0.50%	0.00990099009900991
Bangladesh	2016	Filles_étudiantes_dans_l’enseignement_primaire	0.51%	0.029126213592232997
Barbade	2016	Filles_étudiantes_dans_l’enseignement_primaire	0.50%	0.004975124378109541
Bhoutan	2016	Filles_étudiantes_dans_l’enseignement_primaire	0.50%	0.004975124378109541
Biélorussie	2016	Filles_étudiantes_dans_l’enseignement_primaire	0.50%	0.0
Bolivie	2016	Filles_étudiantes_dans_l’enseignement_primaire	0.49%	0.010101010101010055
Brunéi	2016	Filles_étudiantes_dans_l’enseignement_primaire	0.50%	0.005025125628140725
Bulgarie	2016	Filles_étudiantes_dans_l’enseignement_primaire	0.50%	0.005025125628140725
Burkina_Faso	2016	Filles_étudiantes_dans_l’enseignement_primaire	0.49%	0.010101010101010055
Burundi	2016	Filles_étudiantes_dans_l’enseignement_primaire	0.50%	0.004975124378109541
Bélize	2016	Filles_étudiantes_dans_l’enseignement_primaire	0.49%	0.02564102564102566
Cambodge	2016	Filles_étudiantes_dans_l’enseignement_primaire	0.49%	0.015228426395939132
Cameroun	2016	Filles_étudiantes_dans_l’enseignement_primaire	0.47%	0.05263157894736836
Canada	2016	Filles_étudiantes_dans_l’enseignement_primaire	0.50%	0.0
Cap-Vert	2016	Filles_étudiantes_dans_l’enseignement_primaire	0.48%	0.03626943005181349
Chad	2016	Filles_étudiantes_dans_l’enseignement_primaire	0.44%	0.1235955056179775
Chili	2016	Filles_étudiantes_dans_l’enseignement_primaire	0.49%	0.015228426395939132
Chine	2016	Filles_étudiantes_dans_l’enseignement_primaire	0.50%	0.004975124378109541
Colombie	2016	Filles_étudiantes_dans_l’enseignement_primaire	0.49%	0.015228426395939132
Costa_Rica	2016	Filles_étudiantes_dans_l’enseignement_primaire	0.50%	0.004975124378109541
Croatie	2016	Filles_étudiantes_dans_l’enseignement_primaire	0.50%	0.004975124378109541
Côte_d-**-Ivoire	2016	Filles_étudiantes_dans_l’enseignement_primaire	0.47%	0.05820105820105825
Danemark	2016	Filles_étudiantes_dans_l’enseignement_primaire	0.50%	0.005025125628140725
Djibouti	2016	Filles_étudiantes_dans_l’enseignement_primaire	0.47%	0.05820105820105825
El_Salvador	2016	Filles_étudiantes_dans_l’enseignement_primaire	0.49%	0.020408163265306145
Espagne	2016	Filles_étudiantes_dans_l’enseignement_primaire	0.50%	0.004975124378109541
Finlande	2016	Filles_étudiantes_dans_l’enseignement_primaire	0.50%	0.0
Gambie	2016	Filles_étudiantes_dans_l’enseignement_primaire	0.52%	0.03846153846153855
Ghana	2016	Filles_étudiantes_dans_l’enseignement_primaire	0.50%	0.00990099009900991
Grenade	2016	Filles_étudiantes_dans_l’enseignement_primaire	0.49%	0.015228426395939132
Guatemala	2016	Filles_étudiantes_dans_l’enseignement_primaire	0.49%	0.015228426395939132
Géorgie	2016	Filles_étudiantes_dans_l’enseignement_primaire	0.50%	0.0
Honduras	2016	Filles_étudiantes_dans_l’enseignement_primaire	0.50%	0.005025125628140725
Hongrie	2016	Filles_étudiantes_dans_l’enseignement_primaire	0.50%	0.0
Inde	2016	Filles_étudiantes_dans_l’enseignement_primaire	0.54%	0.07834101382488479
Indonésie	2016	Filles_étudiantes_dans_l’enseignement_primaire	0.49%	0.020408163265306145
Irlande	2016	Filles_étudiantes_dans_l’enseignement_primaire	0.50%	0.0
Israël	2016	Filles_étudiantes_dans_l’enseignement_primaire	0.50%	0.004975124378109541
Kazakhstan	2016	Filles_étudiantes_dans_l’enseignement_primaire	0.50%	0.0
Kenya	2016	Filles_étudiantes_dans_l’enseignement_primaire	0.50%	0.0
Kirghizistan	2016	Filles_étudiantes_dans_l’enseignement_primaire	0.50%	0.005025125628140725
Kiribati	2016	Filles_étudiantes_dans_l’enseignement_primaire	0.51%	0.01477832512315258
Koweït	2016	Filles_étudiantes_dans_l’enseignement_primaire	0.51%	0.019607843137254832
Laos	2016	Filles_étudiantes_dans_l’enseignement_primaire	0.49%	0.020408163265306145
Lesotho	2016	Filles_étudiantes_dans_l’enseignement_primaire	0.49%	0.015228426395939132
Liban	2016	Filles_étudiantes_dans_l’enseignement_primaire	0.48%	0.04712041884816753
Liechtenstein	2016	Filles_étudiantes_dans_l’enseignement_primaire	0.49%	0.020408163265306145
Lituanie	2016	Filles_étudiantes_dans_l’enseignement_primaire	0.50%	0.0
Madagascar	2016	Filles_étudiantes_dans_l’enseignement_primaire	0.50%	0.0
Malaisie	2016	Filles_étudiantes_dans_l’enseignement_primaire	0.50%	0.004975124378109541
Malawi	2016	Filles_étudiantes_dans_l’enseignement_primaire	0.51%	0.01477832512315258
Maldives	2016	Filles_étudiantes_dans_l’enseignement_primaire	0.50%	0.0
Mali	2016	Filles_étudiantes_dans_l’enseignement_primaire	0.47%	0.06382978723404253
Malte	2016	Filles_étudiantes_dans_l’enseignement_primaire	0.51%	0.019607843137254832
Maroc	2016	Filles_étudiantes_dans_l’enseignement_primaire	0.49%	0.02564102564102566
Maurice	2016	Filles_étudiantes_dans_l’enseignement_primaire	0.50%	0.00990099009900991
Mauritanie	2016	Filles_étudiantes_dans_l’enseignement_primaire	0.51%	0.029126213592232997
Mexique	2016	Filles_étudiantes_dans_l’enseignement_primaire	0.50%	0.004975124378109541
Mongolie	2016	Filles_étudiantes_dans_l’enseignement_primaire	0.49%	0.010101010101010055
Montenegro	2016	Filles_étudiantes_dans_l’enseignement_primaire	0.49%	0.015228426395939132
Nauru	2016	Filles_étudiantes_dans_l’enseignement_primaire	0.51%	0.01477832512315258
Niger	2016	Filles_étudiantes_dans_l’enseignement_primaire	0.46%	0.07526881720430101
Niue	2016	Filles_étudiantes_dans_l’enseignement_primaire	0.49%	0.02564102564102566
Norvège	2016	Filles_étudiantes_dans_l’enseignement_primaire	0.50%	0.0
Nouvelle-Zélande	2016	Filles_étudiantes_dans_l’enseignement_primaire	0.50%	0.004975124378109541
Népal	2016	Filles_étudiantes_dans_l’enseignement_primaire	0.52%	0.03846153846153855
Oman	2016	Filles_étudiantes_dans_l’enseignement_primaire	0.51%	0.01477832512315258
Ouganda	2016	Filles_étudiantes_dans_l’enseignement_primaire	0.51%	0.01477832512315258
Ouzbékistan	2016	Filles_étudiantes_dans_l’enseignement_primaire	0.50%	0.005025125628140725
Pakistan	2016	Filles_étudiantes_dans_l’enseignement_primaire	0.46%	0.08108108108108114
Palestine	2016	Filles_étudiantes_dans_l’enseignement_primaire	0.50%	0.0
Pays-Bas	2016	Filles_étudiantes_dans_l’enseignement_primaire	0.50%	0.0
Pologne	2016	Filles_étudiantes_dans_l’enseignement_primaire	0.50%	0.004975124378109541
Portugal	2016	Filles_étudiantes_dans_l’enseignement_primaire	0.49%	0.015228426395939132
Pérou	2016	Filles_étudiantes_dans_l’enseignement_primaire	0.50%	0.0
Qatar	2016	Filles_étudiantes_dans_l’enseignement_primaire	0.50%	0.005025125628140725
Roumanie	2016	Filles_étudiantes_dans_l’enseignement_primaire	0.50%	0.005025125628140725
Russie	2016	Filles_étudiantes_dans_l’enseignement_primaire	0.50%	0.004975124378109541
Rwanda	2016	Filles_étudiantes_dans_l’enseignement_primaire	0.50%	0.0
République_Centrafricaine	2016	Filles_étudiantes_dans_l’enseignement_primaire	0.43%	0.13636363636363635
République_Dominicaine	2016	Filles_étudiantes_dans_l’enseignement_primaire	0.48%	0.04166666666666663
Samoa	2016	Filles_étudiantes_dans_l’enseignement_primaire	0.50%	0.004975124378109541
Sao_Tomé-et-Principe	2016	Filles_étudiantes_dans_l’enseignement_primaire	0.49%	0.02564102564102566
Serbie	2016	Filles_étudiantes_dans_l’enseignement_primaire	0.50%	0.0
Seychelles	2016	Filles_étudiantes_dans_l’enseignement_primaire	0.50%	0.005025125628140725
Sierra_Leone	2016	Filles_étudiantes_dans_l’enseignement_primaire	0.50%	0.004975124378109541
Sri_Lanka	2016	Filles_étudiantes_dans_l’enseignement_primaire	0.49%	0.010101010101010055
Suisse	2016	Filles_étudiantes_dans_l’enseignement_primaire	0.50%	0.005025125628140725
Suriname	2016	Filles_étudiantes_dans_l’enseignement_primaire	0.50%	0.0
Sénégal	2016	Filles_étudiantes_dans_l’enseignement_primaire	0.53%	0.05660377358490565
Tadjikistan	2016	Filles_étudiantes_dans_l’enseignement_primaire	0.50%	0.005025125628140725
Timor_Oriental	2016	Filles_étudiantes_dans_l’enseignement_primaire	0.49%	0.010101010101010055
Togo	2016	Filles_étudiantes_dans_l’enseignement_primaire	0.49%	0.02564102564102566
Tunisie	2016	Filles_étudiantes_dans_l’enseignement_primaire	0.49%	0.015228426395939132
Venezuela	2016	Filles_étudiantes_dans_l’enseignement_primaire	0.49%	0.015228426395939132
Viêt_Nam	2016	Filles_étudiantes_dans_l’enseignement_primaire	0.50%	0.0
Yémen	2016	Filles_étudiantes_dans_l’enseignement_primaire	0.47%	0.06951871657754016
Égypte	2016	Filles_étudiantes_dans_l’enseignement_primaire	0.50%	0.0
Émirats_Arabes_Unis	2016	Filles_étudiantes_dans_l’enseignement_primaire	0.49%	0.015228426395939132
Équateur	2016	Filles_étudiantes_dans_l’enseignement_primaire	0.50%	0.0
Îles_Cook	2016	Filles_étudiantes_dans_l’enseignement_primaire	0.48%	0.030927835051546393
Îles_Marshall	2016	Filles_étudiantes_dans_l’enseignement_primaire	0.50%	0.00990099009900991
